RefDes,Assembly,Function,Manufacturer,MPN,Package_or_Module,Temperature_C,Qty_per_station,Status,Release_Blockers,Evidence,Notes
U1,PCB-MAIN,Main secure MCU,STMicroelectronics,STM32U585VIT6Q,LQFP100_14x14,"-40..85 exact selected part",1,SELECTED_PENDING_TARGET_SAMPLE,"CubeMX exact-package IOC; target build; sample verification","ST STM32U585VIT6Q exact product page + DS13086 Rev10 + project pin map","Exact orderable Q part is specified to +85 C and is compatible with DEC-019 -40..+70 C ambient; do not assume family +125 C applies to this MPN"
U2,PCB-MAIN,64 MB QSPI NOR,Winbond,W25Q512JVFIQ,SOIC-16_300mil,"-40..85",1,SELECTED_PENDING_SAMPLE,"availability/endurance/power-loss test","Winbond W25Q512JV product guide and datasheet; industrial I suffix","Alternative only after footprint/driver review; exact FI-package land pattern remains mandatory"
U3,PCB-MAIN,Accelerometer,STMicroelectronics,LIS2DW12TR,LGA-12_2x2mm,"-40..85",1,SELECTED_PENDING_SAMPLE,"orientation/self-test verification","ST LIS2DW12 product page and DS11811","Orientation marked on assembly drawing"
U4,PCB-MAIN,Temperature sensor,STMicroelectronics,STTS22HTR,UDFN-6L_2x2mm,"-40..125",1,SELECTED_PENDING_ASSEMBLY_REVIEW,"CM UDFN yield; exposed-pad land pattern; thermal response validation","ST STTS22H product page and DS12606","Corrects the superseded WLCSP-4 description; exact orderable tape-and-reel MPN is STTS22HTR"
U7,PCB-MAIN,T5838 PDM and AAD_CFG 1.8V/3.3V level translator,Texas Instruments,SN74AXC8T245PWR,TSSOP-24,"-40..125",1,SELECTED_PENDING_SI_AAD_SAMPLE,"PDM skew and final-harness SI; PDM_CLK source termination; THSEL one-wire fanout/timing; measured S0 current","TI SCES875C RevC + TDK T5838 DS-000383 v1.2","VCCA=1V8_MIC and VCCB=3V3_DIGITAL; DIR1 high maps four PDM data channels A-to-B; DIR2 low maps PDM_CLK and AAD_CFG B-to-A; OE low; B7/B8 grounded and A7/A8 NC; exact map in PCB_MAIN_AUDIO_LOGIC_PIN_AUTHORITY_REV_A.csv"
U8,PCB-MAIN,Cellular Cat-M1/NB2/EGPRS module,Quectel,BG95-M3,LGA_module,"-35..75 operating; -40..85 extended",1,SELECTED_PENDING_REGION_OPERATOR,"exact ordered regional suffix/firmware; operator attach; 2G burst; certification; cold-limit qualification","Quectel BG95 Series Hardware Design","3.8 V rail; 1.8 V digital domain; -40 C operation uses the documented extended range and therefore remains an environmental qualification item"
U9,PCB-MAIN,Independent GNSS/PPS,u-blox,MAX-M10S-00B,LCC_9.7x10.1,"-40..85",1,SELECTED_PENDING_SAMPLE,"antenna/bias; PPS; spoof/jam","u-blox MAX-M10 official current product","Configured installation coordinates remain authoritative position after commissioning; temperature compatible with DEC-019"
U10,PCB-MAIN,LoRa RU868 module,Ebyte,E22-900M22S,SMD_14x20,"-40..85",1,SELECTED_PENDING_RF_REGULATORY,"RU868 conducted/radiated test; current; supply availability","Ebyte E22-900M22S official user manual","All 20 EVT-PRE-20 units provision RU868"
U11,PCB-MAIN,BLE commissioning diagnostics OTA,Raytac,MDBT50Q-P1MV2,nRF52840_module_PCB_antenna,"-40..85",1,SELECTED_PENDING_ENCLOSURE_RF,"2.4 GHz enclosure range; SWD/DFU firmware","Raytac official MDBT50Q-P1MV2 product/spec","Temperature compatible with DEC-019; Wi-Fi intentionally absent; U1MV2 u.FL variant is RF fallback after explicit review"
U13,PCB-MAIN,Dual-SIM single-standby analog mux,Texas Instruments,TS3A27518EPWR,TSSOP-24,"-40..85",1,CANDIDATE_PENDING_USIM_SI,"USIM_VDD/RST/CLK/DATA topology; Ron/capacitance; powered-off isolation","TI active product","Temperature compatible with DEC-019; do not switch while BG95 USIM is powered"
U14,PCB-MAIN,SIM1 low-capacitance ESD,STMicroelectronics,ESDALC6V1-5P6,SOT666,industrial,1,SELECTED_PENDING_SIM_REVIEW,"layout at connector; capacitance/SI/ESD test; exact industrial rating verify","ST active volume-production product","12 pF typical; protects up to five lines; release requires minimum -40..85 C rating"
U15,PCB-MAIN,SIM2 low-capacitance ESD,STMicroelectronics,ESDALC6V1-5P6,SOT666,industrial,1,SELECTED_PENDING_SIM_REVIEW,"layout at connector; capacitance/SI/ESD test; exact industrial rating verify","ST active volume-production product","Same revision as SIM1; release requires minimum -40..85 C rating"
U16,PCB-MAIN,BG95 UART/status 1.8V/3.3V translator,Texas Instruments,SN74AXC8T245PWR,TSSOP-24,"-40..125",1,SELECTED_PENDING_SIGNAL_MAPPING,"group directions; OE power sequencing; unused channels; UART/RI/STATUS test","TI active product","PWRKEY and RESET_N remain open-drain/transistor interfaces; temperature compatible with DEC-019"
U17,PCB-MAIN,T5838 four-channel AAD WAKE OR aggregation,Texas Instruments,SN74LVC32APWR,TSSOP-14,"-40..125",1,SELECTED_PENDING_AAD_WAKE_TEST,"quiescent-current measurement; individual and aggregate wake latency; false-wake and open-harness tests","TI SCAS286U RevU + TDK T5838 DS-000383 v1.2","Powered at 1V8_MIC; gates 1 and 2 form pairwise ORs and gate 3 forms aggregate; four inputs use 100 kOhm pull-downs; gate 4 inputs grounded and output NC; exact map in PCB_MAIN_AUDIO_LOGIC_PIN_AUTHORITY_REV_A.csv"
U18,PCB-MAIN,T5838 aggregated WAKE 1.8V-to-3.3V translator,Texas Instruments,SN74AXC1T45DRLR,SOT-5X3_6,"-40..125",1,SELECTED_PENDING_AAD_WAKE_TEST,"wake edge and Stop-mode latency; partial-power test; quiescent-current measurement","TI SCES882E RevE","VCCA=1V8_MIC and VCCB=3V3_DIGITAL; DIR tied high for A-to-B; output drives STM32 PA8 MIC_WAKE with 100 kOhm pull-down; exact map in PCB_MAIN_AUDIO_LOGIC_PIN_AUTHORITY_REV_A.csv"
X1,PCB-MAIN,32.768 kHz low-frequency reference,SiTime,SiT1552AI-JE-DCC-32.768D,CSP-4_1.5x0.8mm,"-40..85",1,SELECTED_PENDING_LSE_BYPASS_REVIEW,"CubeMX LSE bypass wiring; holdover drift measurement","SiTime exact-orderable product page and SiT1552 datasheet","No external HSE in Rev.A"
