RefDes,Category,Manufacturer,MPN,Package,Value,Population,Temperature_C,Logical_Net,Pin_Map,Electrical_Path,Disposition,Authority,Notes
C1,Capacitor,Murata,GRM155R71E104KE14D,0402,100 nF 25 V X7R,FITTED,-55..125,3V3_DIGITAL,1=3V3_DIGITAL;2=GND,U1 VDD pin 11 local bypass,LOCKED_FITTED,ST_AN5373_Rev7,Place at U1 pin 11
C2,Capacitor,Murata,GRM155R71E104KE14D,0402,100 nF 25 V X7R,FITTED,-55..125,3V3_DIGITAL,1=3V3_DIGITAL;2=GND,U1 VDD pin 27 local bypass,LOCKED_FITTED,ST_AN5373_Rev7,Place at U1 pin 27
C3,Capacitor,Murata,GRM155R71E104KE14D,0402,100 nF 25 V X7R,FITTED,-55..125,3V3_DIGITAL,1=3V3_DIGITAL;2=GND,U1 VDD pin 51 local bypass,LOCKED_FITTED,ST_AN5373_Rev7,Place at U1 pin 51
C4,Capacitor,Murata,GRM155R71E104KE14D,0402,100 nF 25 V X7R,FITTED,-55..125,3V3_DIGITAL,1=3V3_DIGITAL;2=GND,U1 VDD pin 75 local bypass,LOCKED_FITTED,ST_AN5373_Rev7,Place at U1 pin 75
C5,Capacitor,Murata,GRM155R71E104KE14D,0402,100 nF 25 V X7R,FITTED,-55..125,3V3_DIGITAL,1=3V3_DIGITAL;2=GND,U1 VDD pin 100 local bypass,LOCKED_FITTED,ST_AN5373_Rev7,Place at U1 pin 100
C6,Capacitor,Murata,GRM188R61A106KE69D,0603,10 uF 10 V X5R,FITTED,-55..85,3V3_DIGITAL,1=3V3_DIGITAL;2=GND,U1 package bulk,LOCKED_FITTED,ST_AN5373_Rev7,Verify effective capacitance after DC bias
C7,Capacitor,Murata,GRM155R71E104KE14D,0402,100 nF 25 V X7R,FITTED,-55..125,3V3_DIGITAL,1=3V3_DIGITAL;2=GND,U1 VBAT pin 6 bypass,LOCKED_FITTED,ST_AN5373_Rev7,No backup cell in Rev.A
C8,Capacitor,Murata,GRM155R71E104KE14D,0402,100 nF 25 V X7R,FITTED,-55..125,3V3_DIGITAL,1=3V3_DIGITAL;2=GND,U1 VDDA pin 21 high frequency bypass,LOCKED_FITTED,ST_AN5373_Rev7,Single supply analog domain
C9,Capacitor,Murata,GRM155R61C105KA12D,0402,1 uF 16 V X5R,FITTED,-55..85,3V3_DIGITAL,1=3V3_DIGITAL;2=GND,U1 VDDA pin 21 local bulk,LOCKED_FITTED,ST_AN5373_Rev7,Single supply analog domain
C10,Capacitor,Murata,GRM155R71E104KE14D,0402,100 nF 25 V X7R,FITTED,-55..125,VREF+,1=VREF+;2=GND,U1 VREF+ pin 20 high frequency bypass,LOCKED_FITTED,ST_AN5373_Rev7,VREF+ tied to VDDA
C11,Capacitor,Murata,GRM155R61C105KA12D,0402,1 uF 16 V X5R,FITTED,-55..85,VREF+,1=VREF+;2=GND,U1 VREF+ pin 20 local bulk,LOCKED_FITTED,ST_AN5373_Rev7,VREFBUF disabled
C12,Capacitor,Murata,GRM155R71E104KE14D,0402,100 nF 25 V X7R,FITTED,-55..125,3V3_DIGITAL,1=3V3_DIGITAL;2=GND,U1 VDDUSB pin 73 bypass,LOCKED_FITTED,ST_AN5373_Rev7,Place at VDDUSB
C13,Capacitor,Murata,GRM188R61A106KE69D,0603,10 uF 10 V X5R,FITTED,-55..85,3V3_DIGITAL,1=3V3_DIGITAL;2=GND,U1 VDDSMPS pin 47 local input capacitor,LOCKED_FITTED,ST_AN5373_Rev7,Verify ESR below 10 mOhm at 3 MHz and effective capacitance
C14,Capacitor,Murata,GRM155R61A225KE15D,0402,2.2 uF 10 V X5R,FITTED,-55..85,VCORE_1V1,1=VCORE_1V1;2=GND,U1 VDD11 pin 49 core capacitor,LOCKED_FITTED,ST_AN5373_Rev7,VCORE must not power external circuitry
C15,Capacitor,Murata,GRM155R61A225KE15D,0402,2.2 uF 10 V X5R,FITTED,-55..85,VCORE_1V1,1=VCORE_1V1;2=GND,U1 VDD11 pin 98 core capacitor,LOCKED_FITTED,ST_AN5373_Rev7,VCORE must not power external circuitry
C16,Capacitor,Murata,GRM155R71E104KE14D,0402,100 nF 25 V X7R,DNP,-55..125,VCORE_1V1,1=VCORE_1V1;2=GND,U1 VDD11 pin 49 optional high frequency position,LOCKED_DNP,ST_AN5373_Rev7,Populate only by signed power integrity change
C17,Capacitor,Murata,GRM155R71E104KE14D,0402,100 nF 25 V X7R,DNP,-55..125,VCORE_1V1,1=VCORE_1V1;2=GND,U1 VDD11 pin 98 optional high frequency position,LOCKED_DNP,ST_AN5373_Rev7,Populate only by signed power integrity change
C18,Capacitor,Murata,GRM155R71E104KE14D,0402,100 nF 25 V X7R,FITTED,-55..125,NRST,1=NRST;2=GND,U1 normal reset filter,LOCKED_FITTED,ST_AN5373_Rev7,Keep reset path short
C19,Capacitor,Murata,GRM21BR61A226ME44L,0805,22 uF 10 V X5R,FITTED,-55..85,3V3_DIGITAL,1=3V3_DIGITAL;2=GND,PCB-MAIN 3V3 entry bulk,LOCKED_FITTED,PROJECT_MAIN_AUTH_010,Verify rail transient and DC bias in Review A
C20,Capacitor,Murata,GRM188R61A106KE69D,0603,10 uF 10 V X5R,FITTED,-55..85,1V8_MIC,1=1V8_MIC;2=GND,PCB-MAIN 1V8 entry bulk,LOCKED_FITTED,PROJECT_MAIN_AUTH_010,Verify microphone burst and wake current
C21,Capacitor,Murata,GRM155R71E104KE14D,0402,100 nF 25 V X7R,FITTED,-55..125,3V3_DIGITAL,1=3V3_DIGITAL;2=GND,U2 VCC pin 2 high frequency bypass,LOCKED_FITTED,Winbond_W25Q512JV_RevB,Place at U2 pin 2
C22,Capacitor,Murata,GRM155R61C105KA12D,0402,1 uF 16 V X5R,FITTED,-55..85,3V3_DIGITAL,1=3V3_DIGITAL;2=GND,U2 VCC pin 2 local bulk,LOCKED_FITTED,Winbond_W25Q512JV_RevB,Place at U2 pin 2
C23,Capacitor,Murata,GRM155R71E104KE14D,0402,100 nF 25 V X7R,FITTED,-55..125,3V3_DIGITAL,1=3V3_DIGITAL;2=GND,U3 VDD pin 9 high frequency bypass,LOCKED_FITTED,ST_LIS2DW12_DS11811_Rev9,Place at U3 pin 9
C24,Capacitor,Murata,GRM188R61A106KE69D,0603,10 uF 10 V X5R,FITTED,-55..85,3V3_DIGITAL,1=3V3_DIGITAL;2=GND,U3 VDD pin 9 local bulk,LOCKED_FITTED,ST_LIS2DW12_DS11811_Rev9,Verify motion sensor rail transient
C25,Capacitor,Murata,GRM155R71E104KE14D,0402,100 nF 25 V X7R,FITTED,-55..125,3V3_DIGITAL,1=3V3_DIGITAL;2=GND,U3 VDD_IO pin 10 bypass,LOCKED_FITTED,ST_LIS2DW12_DS11811_Rev9,Place at U3 pin 10
C26,Capacitor,Murata,GRM155R71E104KE14D,0402,100 nF 25 V X7R,FITTED,-55..125,3V3_DIGITAL,1=3V3_DIGITAL;2=GND,U4 VDD pin 3 bypass,LOCKED_FITTED,ST_STTS22H_DS12606_Rev8,Keep away from thermal gradients
C27,Capacitor,Murata,GRM155R71E104KE14D,0402,100 nF 25 V X7R,FITTED,-55..125,1V8_MIC,1=1V8_MIC;2=GND,U7 VCCA pin 1 bypass,LOCKED_FITTED,TI_SCES875C_RevC,Place at U7 pin 1
C28,Capacitor,Murata,GRM155R71E104KE14D,0402,100 nF 25 V X7R,FITTED,-55..125,3V3_DIGITAL,1=3V3_DIGITAL;2=GND,U7 VCCB pin 23 bypass,LOCKED_FITTED,TI_SCES875C_RevC,Place at U7 pin 23
C29,Capacitor,Murata,GRM155R71E104KE14D,0402,100 nF 25 V X7R,FITTED,-55..125,3V3_DIGITAL,1=3V3_DIGITAL;2=GND,U7 VCCB pin 24 bypass,LOCKED_FITTED,TI_SCES875C_RevC,Place at U7 pin 24
C30,Capacitor,Murata,GRM155R71E104KE14D,0402,100 nF 25 V X7R,FITTED,-55..125,1V8_MIC,1=1V8_MIC;2=GND,U17 VCC pin 14 bypass,LOCKED_FITTED,TI_SCAS286U_RevU,Place at U17 pin 14
C31,Capacitor,Murata,GRM155R71E104KE14D,0402,100 nF 25 V X7R,FITTED,-55..125,1V8_MIC,1=1V8_MIC;2=GND,U18 VCCA pin 1 bypass,LOCKED_FITTED,TI_SCES882E_RevE,Place at U18 pin 1
C32,Capacitor,Murata,GRM155R71E104KE14D,0402,100 nF 25 V X7R,FITTED,-55..125,3V3_DIGITAL,1=3V3_DIGITAL;2=GND,U18 VCCB pin 6 bypass,LOCKED_FITTED,TI_SCES882E_RevE,Place at U18 pin 6
C33,Capacitor,Murata,GRM155R71E104KE14D,0402,100 nF 25 V X7R,FITTED,-55..125,U8_VDD_EXT_1V8,1=U8_VDD_EXT_1V8;2=GND_MODEM,U16 VCCA pin 1 bypass,LOCKED_FITTED,TI_SCES875C_RevC,Place at U16 pin 1
C34,Capacitor,Murata,GRM155R71E104KE14D,0402,100 nF 25 V X7R,FITTED,-55..125,3V3_DIGITAL,1=3V3_DIGITAL;2=GND_MODEM,U16 VCCB pin 23 bypass,LOCKED_FITTED,TI_SCES875C_RevC,Place at U16 pin 23
C35,Capacitor,Murata,GRM155R71E104KE14D,0402,100 nF 25 V X7R,FITTED,-55..125,3V3_DIGITAL,1=3V3_DIGITAL;2=GND_MODEM,U16 VCCB pin 24 bypass,LOCKED_FITTED,TI_SCES875C_RevC,Place at U16 pin 24
C36,Capacitor,KEMET,T520D107M006ATE015,7343-31,100 uF 6.3 V 15 mOhm polymer,FITTED,-55..105,3V8_MODEM_BB,1=3V8_MODEM_BB;2=GND_MODEM,U8 VBAT_BB local burst bulk,LOCKED_FITTED,Quectel_BG95_HW_Design_v1.6,Verify voltage droop and ripple current
C37,Capacitor,Murata,GRM155R71E224KE14D,0402,220 nF 25 V X7R,FITTED,-55..125,3V8_MODEM_BB,1=3V8_MODEM_BB;2=GND_MODEM,U8 VBAT_BB broadband bypass,LOCKED_FITTED,Quectel_BG95_HW_Design_v1.6,Place in Quectel value sequence
C38,Capacitor,Murata,GRM155R71E473KA01D,0402,47 nF 25 V X7R,FITTED,-55..125,3V8_MODEM_BB,1=3V8_MODEM_BB;2=GND_MODEM,U8 VBAT_BB broadband bypass,LOCKED_FITTED,Quectel_BG95_HW_Design_v1.6,Place in Quectel value sequence
C39,Capacitor,Murata,GRM1555C1H151JA01D,0402,150 pF 50 V C0G,FITTED,-55..125,3V8_MODEM_BB,1=3V8_MODEM_BB;2=GND_MODEM,U8 VBAT_BB RF bypass,LOCKED_FITTED,Quectel_BG95_HW_Design_v1.6,Place in Quectel value sequence
C40,Capacitor,Murata,GRM1555C1H101JA01D,0402,100 pF 50 V C0G,FITTED,-55..125,3V8_MODEM_BB,1=3V8_MODEM_BB;2=GND_MODEM,U8 VBAT_BB RF bypass,LOCKED_FITTED,Quectel_BG95_HW_Design_v1.6,Place in Quectel value sequence
C41,Capacitor,Murata,GRM1555C1H680JA01D,0402,68 pF 50 V C0G,FITTED,-55..125,3V8_MODEM_BB,1=3V8_MODEM_BB;2=GND_MODEM,U8 VBAT_BB RF bypass,LOCKED_FITTED,Quectel_BG95_HW_Design_v1.6,Place in Quectel value sequence
C42,Capacitor,Murata,GRM1555C1H330JA01D,0402,33 pF 50 V C0G,FITTED,-55..125,3V8_MODEM_BB,1=3V8_MODEM_BB;2=GND_MODEM,U8 VBAT_BB RF bypass,LOCKED_FITTED,Quectel_BG95_HW_Design_v1.6,Place in Quectel value sequence
C43,Capacitor,Murata,GRM1555C1H100JA01D,0402,10 pF 50 V C0G,FITTED,-55..125,3V8_MODEM_BB,1=3V8_MODEM_BB;2=GND_MODEM,U8 VBAT_BB RF bypass,LOCKED_FITTED,Quectel_BG95_HW_Design_v1.6,Place in Quectel value sequence
C44,Capacitor,KEMET,T520D107M006ATE015,7343-31,100 uF 6.3 V 15 mOhm polymer,FITTED,-55..105,3V8_MODEM_RF,1=3V8_MODEM_RF;2=GND_MODEM,U8 VBAT_RF local burst bulk,LOCKED_FITTED,Quectel_BG95_HW_Design_v1.6,Verify voltage droop and ripple current
C45,Capacitor,Murata,GRM155R71E104KE14D,0402,100 nF 25 V X7R,FITTED,-55..125,3V8_MODEM_RF,1=3V8_MODEM_RF;2=GND_MODEM,U8 VBAT_RF broadband bypass,LOCKED_FITTED,Quectel_BG95_HW_Design_v1.6,Place at RF VBAT pads
C46,Capacitor,Murata,GRM1555C1H330JA01D,0402,33 pF 50 V C0G,FITTED,-55..125,3V8_MODEM_RF,1=3V8_MODEM_RF;2=GND_MODEM,U8 VBAT_RF RF bypass,LOCKED_FITTED,Quectel_BG95_HW_Design_v1.6,Place at RF VBAT pads
C47,Capacitor,Murata,GRM1555C1H100JA01D,0402,10 pF 50 V C0G,FITTED,-55..125,3V8_MODEM_RF,1=3V8_MODEM_RF;2=GND_MODEM,U8 VBAT_RF RF bypass,LOCKED_FITTED,Quectel_BG95_HW_Design_v1.6,Place at RF VBAT pads
C48,Capacitor,Murata,GRM155R71E103KA01D,0402,10 nF 25 V X7R,FITTED,-55..125,U8_PWRKEY_N,1=U8_PWRKEY_N;2=GND_MODEM,Q1 collector and U8 PWRKEY pulse filter,LOCKED_FITTED,Quectel_BG95_HW_Design_v1.6,No corresponding large capacitor on RESET_N
C49,Capacitor,Murata,GRM155R71E104KE14D,0402,100 nF 25 V X7R,FITTED,-55..125,3V3_DIGITAL,1=3V3_DIGITAL;2=GND_MODEM,U13 VCC pin 8 bypass,LOCKED_FITTED,TI_TS3A27518E_SCDS260F,Place at U13 pin 8
C50,Capacitor,Murata,GRM155R71E104KE14D,0402,100 nF 25 V X7R,FITTED,-55..125,SIM1_VDD_CONN,1=SIM1_VDD_CONN;2=GND_MODEM,J6 local selected SIM supply bypass,LOCKED_FITTED,Quectel_BG95_HW_Design_v1.6,Place connector side of series path
C51,Capacitor,Murata,GRM155R71E104KE14D,0402,100 nF 25 V X7R,FITTED,-55..125,SIM2_VDD_CONN,1=SIM2_VDD_CONN;2=GND_MODEM,J7 local selected SIM supply bypass,LOCKED_FITTED,Quectel_BG95_HW_Design_v1.6,Place connector side of series path
C52,Capacitor,Murata,GRM155R71E103KA01D,0402,10 nF 25 V X7R,FITTED,-55..125,SIM1_DET,1=SIM1_DET;2=GND_MODEM,J6 card detect hardware debounce,LOCKED_FITTED,TE_C-2336582_A2,Firmware debounce remains at least 20 ms
C53,Capacitor,Murata,GRM155R71E103KA01D,0402,10 nF 25 V X7R,FITTED,-55..125,SIM2_DET,1=SIM2_DET;2=GND_MODEM,J7 card detect hardware debounce,LOCKED_FITTED,TE_C-2336582_A2,Firmware debounce remains at least 20 ms
C54,Capacitor,Murata,GRM1555C1H330JA01D,0402,33 pF 50 V C0G,DNP,-55..125,SIM1_RST_CONN,1=SIM1_RST_CONN;2=GND_MODEM,J6 reset shunt tuning position,LOCKED_DNP,Quectel_BG95_HW_Design_v1.6,Populate only from signed SIM edge evidence
C55,Capacitor,Murata,GRM1555C1H330JA01D,0402,33 pF 50 V C0G,DNP,-55..125,SIM1_CLK_CONN,1=SIM1_CLK_CONN;2=GND_MODEM,J6 clock shunt tuning position,LOCKED_DNP,Quectel_BG95_HW_Design_v1.6,Populate only from signed SIM edge evidence
C56,Capacitor,Murata,GRM1555C1H330JA01D,0402,33 pF 50 V C0G,DNP,-55..125,SIM1_DATA_CONN,1=SIM1_DATA_CONN;2=GND_MODEM,J6 data shunt tuning position,LOCKED_DNP,Quectel_BG95_HW_Design_v1.6,Populate only from signed SIM edge evidence
C57,Capacitor,Murata,GRM1555C1H330JA01D,0402,33 pF 50 V C0G,DNP,-55..125,SIM2_RST_CONN,1=SIM2_RST_CONN;2=GND_MODEM,J7 reset shunt tuning position,LOCKED_DNP,Quectel_BG95_HW_Design_v1.6,Populate only from signed SIM edge evidence
C58,Capacitor,Murata,GRM1555C1H330JA01D,0402,33 pF 50 V C0G,DNP,-55..125,SIM2_CLK_CONN,1=SIM2_CLK_CONN;2=GND_MODEM,J7 clock shunt tuning position,LOCKED_DNP,Quectel_BG95_HW_Design_v1.6,Populate only from signed SIM edge evidence
C59,Capacitor,Murata,GRM1555C1H330JA01D,0402,33 pF 50 V C0G,DNP,-55..125,SIM2_DATA_CONN,1=SIM2_DATA_CONN;2=GND_MODEM,J7 data shunt tuning position,LOCKED_DNP,Quectel_BG95_HW_Design_v1.6,Populate only from signed SIM edge evidence
C60,Capacitor,Murata,GRM155R71E104KE14D,0402,100 nF 25 V X7R,FITTED,-55..125,3V3_DIGITAL,1=3V3_DIGITAL;2=GND,U9 VCC pin 8 bypass,LOCKED_FITTED,u-blox_UBX-20053088_R05,Place at U9 pin 8
C61,Capacitor,Murata,GRM188R61A106KE69D,0603,10 uF 10 V X5R,FITTED,-55..85,3V3_DIGITAL,1=3V3_DIGITAL;2=GND,U9 VCC pin 8 local bulk,LOCKED_FITTED,u-blox_UBX-20053088_R05,Total feed resistance must remain at most 0.2 Ohm
C62,Capacitor,Murata,GRM155R71E104KE14D,0402,100 nF 25 V X7R,FITTED,-55..125,3V3_DIGITAL,1=3V3_DIGITAL;2=GND,U9 V_IO pin 7 bypass,LOCKED_FITTED,u-blox_UBX-20053088_R05,Place at U9 pin 7
C63,Capacitor,Murata,GRM155R71C103KA01D,0402,10 nF 16 V X7R,FITTED,-55..125,GNSS_ANT_SHORT_N,1=GNSS_ANT_SHORT_N;2=GND,Figure 38 antenna current sense filter C14,LOCKED_FITTED,u-blox_UBX-20053088_R05,Keep at R62 and L2 junction
C64,Capacitor,Murata,GRM1555C1E470JA01D,0402,47 pF 25 V C0G,FITTED,-55..125,GNSS_RF_DC_BLOCK,1=GNSS_RF_ANT_BIASED;2=GNSS_RF_DC_BLOCK,Figure 38 external RF DC block C18,LOCKED_FITTED,u-blox_UBX-20053088_R05,Series before FL1 input C
C65,Capacitor,Murata,GRM155R71E104KE14D,0402,100 nF 25 V X7R,FITTED,-55..125,GNSS_ANT_BIAS_RAW,1=GNSS_ANT_BIAS_RAW;2=GND,U5 local supply bypass,LOCKED_FITTED,ADI_LT6000_datasheet,Place at U5 pin 4
C66,Capacitor,Murata,GRM155R71E104KE14D,0402,100 nF 25 V X7R,FITTED,-55..125,3V3_DIGITAL,1=3V3_DIGITAL;2=GND,U10 VCC pin 9 bypass,LOCKED_FITTED,Ebyte_E22-M_v1.2,Place at U10 pin 9
C67,Capacitor,Murata,GRM188R61A106KE69D,0603,10 uF 10 V X5R,FITTED,-55..85,3V3_DIGITAL,1=3V3_DIGITAL;2=GND,U10 VCC pin 9 local bulk,LOCKED_FITTED,Ebyte_E22-M_v1.2,Verify transmit burst droop
C68,Capacitor,Murata,GRM155R71E104KE14D,0402,100 nF 25 V X7R,FITTED,-55..125,LORA_RESET_N,1=LORA_RESET_N;2=GND,U10 reset RC capacitor,LOCKED_FITTED,Ebyte_E22-M_v1.2,Place at U10 pin 15
C69,Capacitor,Murata,GRM1555C1H100JA01D,0402,10 pF 50 V C0G,DNP,-55..125,LORA_RF_MODULE,1=LORA_RF_MODULE;2=GND,LoRa pi network module-side shunt,LOCKED_DNP,Ebyte_E22-M_v1.2,Populate only from signed VNA evidence
C70,Capacitor,Murata,GRM1555C1H100JA01D,0402,10 pF 50 V C0G,DNP,-55..125,LORA_RF_ANT,1=LORA_RF_ANT;2=GND,LoRa pi network connector-side shunt,LOCKED_DNP,Ebyte_E22-M_v1.2,Populate only from signed VNA evidence
C71,Capacitor,Murata,GRM155R71E104KE14D,0402,100 nF 25 V X7R,FITTED,-55..125,3V3_DIGITAL,1=3V3_DIGITAL;2=GND,U11 VDD pin 28 bypass,LOCKED_FITTED,Raytac_MDBT50Q_Spec_Version_L,Place at U11 pin 28
C72,Capacitor,Murata,GRM188R61A106KE69D,0603,10 uF 10 V X5R,FITTED,-55..85,3V3_DIGITAL,1=3V3_DIGITAL;2=GND,U11 VDD and VDDH local bulk,LOCKED_FITTED,Raytac_MDBT50Q_Spec_Version_L,Normal-voltage mode with VDD and VDDH joined
C73,Capacitor,Murata,GRM155R71E104KE14D,0402,100 nF 25 V X7R,FITTED,-55..125,3V3_DIGITAL,1=3V3_DIGITAL;2=GND,U6 local supply bypass,LOCKED_FITTED,TI_SN74LVC1G07_datasheet,Place at U6 pin 5
C74,Capacitor,Murata,GRM155R71E104KE14D,0402,100 nF 25 V X7R,FITTED,-55..125,3V3_DIGITAL,1=3V3_DIGITAL;2=GND,J12 microSD local bypass,LOCKED_FITTED,SD_Association_microSD,J12 VDD connector-side
C75,Capacitor,Murata,GRM188R61A106KE69D,0603,10 uF 10 V X5R,FITTED,-55..85,3V3_DIGITAL,1=3V3_DIGITAL;2=GND,J12 microSD local bulk,LOCKED_FITTED,SD_Association_microSD,Verify insertion transient
C76,Capacitor,Murata,GRM155R71E103KA01D,0402,10 nF 25 V X7R,FITTED,-55..125,SD_DET,1=SD_DET;2=GND,J12 card detect hardware debounce,LOCKED_FITTED,GCT_MEM2052_official_product_data,Firmware debounce remains mandatory
C77,Capacitor,Murata,GRM155R72A472KA01D,0402,4.7 nF 100 V X7R,FITTED,-55..125,USB_SHIELD,1=USB_SHIELD;2=GND,Controlled USB shield AC bond,LOCKED_FITTED,PROJECT_EMC_BASELINE,Parallel with R97 and optional R98
C78,Capacitor,Murata,GRM155R71E103KA01D,0402,10 nF 25 V X7R,FITTED,-55..125,TAMPER_IN_U1,1=TAMPER_IN_U1;2=GND,Tamper input hardware debounce after R100,LOCKED_FITTED,PROJECT_MAIN_AUTH_010,Firmware debounce and open-circuit alarm remain mandatory
C79,Capacitor,Murata,GRM1555C1H100JA01D,0402,10 pF 50 V C0G,DNP,-55..125,CELL_RF,1=CELL_RF;2=GND_MODEM,Cellular pi network module-side shunt,LOCKED_DNP,Quectel_BG95_HW_Design_v1.6,Populate only from signed VNA evidence
C80,Capacitor,Murata,GRM1555C1H100JA01D,0402,10 pF 50 V C0G,DNP,-55..125,CELL_RF_ANT,1=CELL_RF_ANT;2=GND_MODEM,Cellular pi network connector-side shunt,LOCKED_DNP,Quectel_BG95_HW_Design_v1.6,Populate only from signed VNA evidence
R1,Resistor,Panasonic,ERJ-2RKF1002X,0402,10 kOhm 1%,FITTED,-55..155,NRST,1=3V3_DIGITAL;2=NRST,U1 normal reset pull-up,LOCKED_FITTED,ST_AN5373_Rev7,Works with C18 and direct SWD fixture access
R2,Resistor,Panasonic,ERJ-2RKF1003X,0402,100 kOhm 1%,FITTED,-55..155,BOOT0,1=BOOT0;2=GND,U1 BOOT0 normal-state pull-down,LOCKED_FITTED,ST_AN2606,Fixture may drive only while reset is asserted
R3,Resistor,Panasonic,ERJ-2RKF1003X,0402,100 kOhm 1%,FITTED,-55..155,HW_REV0,1=HW_REV0;2=GND,Rev.A strap bit zero fitted pull-down,LOCKED_FITTED,PROJECT_MAIN_AUTH_010,Rev.A encoding is binary 00
R4,Resistor,Panasonic,ERJ-2RKF1003X,0402,100 kOhm 1%,DNP,-55..155,HW_REV0,1=3V3_DIGITAL;2=HW_REV0,Revision bit zero alternate pull-up,LOCKED_DNP,PROJECT_MAIN_AUTH_010,Never populate together with R3
R5,Resistor,Panasonic,ERJ-2RKF1003X,0402,100 kOhm 1%,FITTED,-55..155,HW_REV1,1=HW_REV1;2=GND,Rev.A strap bit one fitted pull-down,LOCKED_FITTED,PROJECT_MAIN_AUTH_010,Rev.A encoding is binary 00
R6,Resistor,Panasonic,ERJ-2RKF1003X,0402,100 kOhm 1%,DNP,-55..155,HW_REV1,1=3V3_DIGITAL;2=HW_REV1,Revision bit one alternate pull-up,LOCKED_DNP,PROJECT_MAIN_AUTH_010,Never populate together with R5
R7,Resistor,Panasonic,ERJ-2RKF1002X,0402,10 kOhm 1%,FITTED,-55..155,NOR_NCS_U2,1=3V3_DIGITAL;2=NOR_NCS_U2,U2 chip-select safe-state pull-up,LOCKED_FITTED,Winbond_W25Q512JV_RevB,Device remains deselected during MCU reset
R8,Resistor,Panasonic,ERJ-2RKF22R0X,0402,22 Ohm 1%,FITTED,-55..155,NOR_CLK,1=NOR_CLK_U1;2=NOR_CLK_U2,OCTOSPI clock source damping at U1,LOCKED_FITTED,PROJECT_MAIN_AUTH_010,Review A may change only from measured SI evidence
R9,Resistor,Panasonic,ERJ-2RKF22R0X,0402,22 Ohm 1%,FITTED,-55..155,NOR_IO0,1=NOR_IO0_U1;2=NOR_IO0_U2,OCTOSPI IO0 series damping,LOCKED_FITTED,PROJECT_MAIN_AUTH_010,Review A may change only from measured SI evidence
R10,Resistor,Panasonic,ERJ-2RKF22R0X,0402,22 Ohm 1%,FITTED,-55..155,NOR_IO1,1=NOR_IO1_U1;2=NOR_IO1_U2,OCTOSPI IO1 series damping,LOCKED_FITTED,PROJECT_MAIN_AUTH_010,Review A may change only from measured SI evidence
R11,Resistor,Panasonic,ERJ-2RKF22R0X,0402,22 Ohm 1%,FITTED,-55..155,NOR_IO2,1=NOR_IO2_U1;2=NOR_IO2_U2,OCTOSPI IO2 series damping,LOCKED_FITTED,PROJECT_MAIN_AUTH_010,Review A may change only from measured SI evidence
R12,Resistor,Panasonic,ERJ-2RKF22R0X,0402,22 Ohm 1%,FITTED,-55..155,NOR_IO3,1=NOR_IO3_U1;2=NOR_IO3_U2,OCTOSPI IO3 series damping,LOCKED_FITTED,PROJECT_MAIN_AUTH_010,Review A may change only from measured SI evidence
R13,Resistor,Panasonic,ERJ-2RKF2201X,0402,2.2 kOhm 1%,FITTED,-55..155,I2C2_SCL_BUS,1=3V3_DIGITAL;2=I2C2_SCL_BUS,Authoritative PCB-MAIN I2C2 SCL pull-up,LOCKED_FITTED,I2C_UM10204,PCB-PWR pull-up footprint remains DNP
R14,Resistor,Panasonic,ERJ-2RKF2201X,0402,2.2 kOhm 1%,FITTED,-55..155,I2C2_SDA_BUS,1=3V3_DIGITAL;2=I2C2_SDA_BUS,Authoritative PCB-MAIN I2C2 SDA pull-up,LOCKED_FITTED,I2C_UM10204,PCB-PWR pull-up footprint remains DNP
R15,Resistor,Panasonic,ERJ-2RKF22R0X,0402,22 Ohm 1%,FITTED,-55..155,I2C2_SCL,1=I2C2_SCL_U1;2=I2C2_SCL_BUS,I2C2 SCL master-side series damping,LOCKED_FITTED,PROJECT_MAIN_AUTH_010,Place adjacent to U1
R16,Resistor,Panasonic,ERJ-2RKF22R0X,0402,22 Ohm 1%,FITTED,-55..155,I2C2_SDA,1=I2C2_SDA_U1;2=I2C2_SDA_BUS,I2C2 SDA master-side series damping,LOCKED_FITTED,PROJECT_MAIN_AUTH_010,Place adjacent to U1
R17,Resistor,Panasonic,ERJ-2RKF22R0X,0402,22 Ohm 1%,FITTED,-55..155,PDM_CLK_1V8,1=PDM_CLK_1V8_U7;2=PDM_CLK_1V8_FANOUT,PDM clock source termination at U7,LOCKED_FITTED,PROJECT_MAIN_AUTH_010,Verify all four harness edges and skew
R18,Resistor,Panasonic,ERJ-2RKF22R0X,0402,22 Ohm 1%,FITTED,-55..155,AAD_CFG_1V8,1=AAD_CFG_1V8_U7;2=AAD_CFG_1V8_FANOUT,AAD configuration fanout damping at U7,LOCKED_FITTED,PROJECT_MAIN_AUTH_010,Verify one-wire writes on all four leaves
R19,Resistor,Panasonic,ERJ-2RKF1003X,0402,100 kOhm 1%,FITTED,-55..155,MIC_WAKE1,1=MIC_WAKE1;2=GND,MIC1 WAKE inactive-state pull-down,LOCKED_FITTED,TDK_T5838_DS-000383_Rev1.2,No connector means inactive LOW
R20,Resistor,Panasonic,ERJ-2RKF1003X,0402,100 kOhm 1%,FITTED,-55..155,MIC_WAKE2,1=MIC_WAKE2;2=GND,MIC2 WAKE inactive-state pull-down,LOCKED_FITTED,TDK_T5838_DS-000383_Rev1.2,No connector means inactive LOW
R21,Resistor,Panasonic,ERJ-2RKF1003X,0402,100 kOhm 1%,FITTED,-55..155,MIC_WAKE3,1=MIC_WAKE3;2=GND,MIC3 WAKE inactive-state pull-down,LOCKED_FITTED,TDK_T5838_DS-000383_Rev1.2,No connector means inactive LOW
R22,Resistor,Panasonic,ERJ-2RKF1003X,0402,100 kOhm 1%,FITTED,-55..155,MIC_WAKE4,1=MIC_WAKE4;2=GND,MIC4 WAKE inactive-state pull-down,LOCKED_FITTED,TDK_T5838_DS-000383_Rev1.2,No connector means inactive LOW
R23,Resistor,Panasonic,ERJ-2RKF1003X,0402,100 kOhm 1%,FITTED,-55..155,MIC_WAKE,1=MIC_WAKE;2=GND,U18 MCU-side inactive-state pull-down,LOCKED_FITTED,TI_SCES882E_RevE,Keeps PA8 low during partial power
R24,Resistor,Panasonic,ERJ-2RKF4701X,0402,4.7 kOhm 1%,FITTED,-55..155,CELL_PWRKEY_CMD,1=CELL_PWRKEY_CMD;2=Q1_BASE,Q1 base current limiter,LOCKED_FITTED,Quectel_BG95_HW_Design_v1.6,Q1 pin 1 endpoint
R25,Resistor,Panasonic,ERJ-2RKF4702X,0402,47 kOhm 1%,FITTED,-55..155,Q1_BASE,1=Q1_BASE;2=GND_MODEM,Q1 base-emitter off-state pull,LOCKED_FITTED,Quectel_BG95_HW_Design_v1.6,Prevents unintended PWRKEY assertion
R26,Resistor,Panasonic,ERJ-2RKF4701X,0402,4.7 kOhm 1%,FITTED,-55..155,CELL_RESET_CMD,1=CELL_RESET_CMD;2=Q2_BASE,Q2 base current limiter,LOCKED_FITTED,Quectel_BG95_HW_Design_v1.6,Q2 pin 1 endpoint
R27,Resistor,Panasonic,ERJ-2RKF4702X,0402,47 kOhm 1%,FITTED,-55..155,Q2_BASE,1=Q2_BASE;2=GND_MODEM,Q2 base-emitter off-state pull,LOCKED_FITTED,Quectel_BG95_HW_Design_v1.6,Prevents unintended RESET_N assertion
R28,Resistor,Panasonic,ERJ-2RKF1002X,0402,10 kOhm 1%,FITTED,-55..155,CELL_TX_U16,1=3V3_DIGITAL;2=CELL_TX_U16,Modem receive path idle-HIGH pull-up,LOCKED_FITTED,Quectel_BG95_HW_Design_v1.6,U16 B5 side
R29,Resistor,Panasonic,ERJ-2RKF1003X,0402,100 kOhm 1%,FITTED,-55..155,CELL_DTR_U16,1=CELL_DTR_U16;2=GND_MODEM,Modem DTR default-awake pull-down,LOCKED_FITTED,Quectel_BG95_HW_Design_v1.6,U16 B6 side
R30,Resistor,Panasonic,ERJ-2RKF1002X,0402,10 kOhm 1%,FITTED,-55..155,U8_MAIN_TXD_1V8,1=U8_VDD_EXT_1V8;2=U8_MAIN_TXD_1V8,U8 UART transmit idle-HIGH pull-up,LOCKED_FITTED,Quectel_BG95_HW_Design_v1.6,U16 A1 side
R31,Resistor,Panasonic,ERJ-2RKF1002X,0402,10 kOhm 1%,FITTED,-55..155,U8_MAIN_RI_1V8,1=U8_VDD_EXT_1V8;2=U8_MAIN_RI_1V8,U8 ring indicator inactive-HIGH pull-up,LOCKED_FITTED,Quectel_BG95_HW_Design_v1.6,U16 A3 side
R32,Resistor,Panasonic,ERJ-2RKF1003X,0402,100 kOhm 1%,FITTED,-55..155,CELL_RX_U16,1=3V3_DIGITAL;2=CELL_RX_U16,MCU receive inactive-HIGH pull-up,LOCKED_FITTED,Quectel_BG95_HW_Design_v1.6,U16 B1 side
R33,Resistor,Panasonic,ERJ-2RKF1003X,0402,100 kOhm 1%,FITTED,-55..155,CELL_RI_U16,1=3V3_DIGITAL;2=CELL_RI_U16,MCU RI inactive-HIGH pull-up,LOCKED_FITTED,Quectel_BG95_HW_Design_v1.6,U16 B3 side
R34,Resistor,Panasonic,ERJ-2RKF1003X,0402,100 kOhm 1%,FITTED,-55..155,CELL_STATUS_U16,1=CELL_STATUS_U16;2=GND_MODEM,Modem status inactive-LOW pull-down,LOCKED_FITTED,Quectel_BG95_HW_Design_v1.6,U16 B2 side
R35,Resistor,Panasonic,ERJ-2RKF1003X,0402,100 kOhm 1%,FITTED,-55..155,CELL_USB_BOOT_1V8,1=CELL_USB_BOOT_1V8;2=GND_MODEM,BG95 USB boot normal-state pull-down,LOCKED_FITTED,Quectel_BG95_HW_Design_v1.6,Fixture drive is current limited through R38
R36,Resistor,Panasonic,ERJ-2RKF22R0X,0402,22 Ohm 1%,FITTED,-55..155,CELL_DBG_TXD_1V8,1=CELL_DBG_TXD_U8;2=CELL_DBG_TXD_TP,BG95 debug TX source-series damping,LOCKED_FITTED,PROJECT_MAIN_AUTH_010,Fixture is 1.8 V tolerant
R37,Resistor,Panasonic,ERJ-2RKF22R0X,0402,22 Ohm 1%,FITTED,-55..155,CELL_DBG_RXD_1V8,1=CELL_DBG_RXD_TP;2=CELL_DBG_RXD_U8,BG95 debug RX fixture-side damping,LOCKED_FITTED,PROJECT_MAIN_AUTH_010,Fixture output only after VREF valid
R38,Resistor,Panasonic,ERJ-2RKF1001X,0402,1 kOhm 1%,FITTED,-55..155,CELL_USB_BOOT_1V8,1=CELL_USB_BOOT_TP;2=CELL_USB_BOOT_1V8,BG95 USB boot fixture current limiter,LOCKED_FITTED,Quectel_BG95_HW_Design_v1.6,Fixture normally high impedance
R39,Resistor,Panasonic,ERJ-2GE0R00X,0402,0 Ohm,FITTED,-55..155,CELL_USB_DP,1=CELL_USB_DP_U8;2=CELL_USB_DP_TP,BG95 USB D+ controlled series link,LOCKED_FITTED,Quectel_BG95_HW_Design_v1.6,Preserve 90 Ohm differential pair
R40,Resistor,Panasonic,ERJ-2GE0R00X,0402,0 Ohm,FITTED,-55..155,CELL_USB_DM,1=CELL_USB_DM_U8;2=CELL_USB_DM_TP,BG95 USB D- controlled series link,LOCKED_FITTED,Quectel_BG95_HW_Design_v1.6,Preserve 90 Ohm differential pair
R41,Resistor,Panasonic,ERJ-2RKF1001X,0402,1 kOhm 1%,FITTED,-55..155,CELL_DBG_VREF_1V8,1=U8_VDD_EXT_1V8;2=CELL_DBG_VREF_TP,BG95 debug reference sense isolation,LOCKED_FITTED,PROJECT_MAIN_AUTH_010,VTREF contact never sources station power
R42,Resistor,Panasonic,ERJ-2GE0R00X,0402,0 Ohm,FITTED,-55..155,3V8_MODEM_RF,1=3V8_MODEM;2=3V8_MODEM_RF,U8 VBAT_RF star branch link,LOCKED_FITTED,Quectel_BG95_HW_Design_v1.6,Place immediately before U8 RF branch
R43,Resistor,Panasonic,ERJ-2GE0R00X,0402,0 Ohm,FITTED,-55..155,CELL_RF,1=CELL_RF;2=CELL_RF_ANT,Cellular RF pi network series baseline,LOCKED_FITTED,Quectel_BG95_HW_Design_v1.6,Change only from signed VNA evidence
R44,Resistor,Panasonic,ERJ-2RKF4702X,0402,47 kOhm 1%,FITTED,-55..155,U13_EN_N,1=3V3_DIGITAL;2=U13_EN_N,U13 active-HIGH disable pull-up,LOCKED_FITTED,TI_TS3A27518E_SCDS260F,U13 remains High-Z while Q3 is off
R45,Resistor,Panasonic,ERJ-2RKF1003X,0402,100 kOhm 1%,FITTED,-55..155,SIM_MUX_SEL,1=SIM_MUX_SEL;2=GND_MODEM,Dual-SIM selector default-SIM1 pull-down,LOCKED_FITTED,TI_TS3A27518E_SCDS260F,Drives both U13 IN pins
R46,Resistor,Panasonic,ERJ-2RKF1002X,0402,10 kOhm 1%,FITTED,-55..155,SIM_MUX_EN,1=SIM_MUX_EN;2=Q3_BASE,Q3 base current limiter,LOCKED_FITTED,TI_TS3A27518E_SCDS260F,Q3 pin 1 endpoint
R47,Resistor,Panasonic,ERJ-2RKF1003X,0402,100 kOhm 1%,FITTED,-55..155,Q3_BASE,1=Q3_BASE;2=GND_MODEM,Q3 base-emitter off-state pull,LOCKED_FITTED,TI_TS3A27518E_SCDS260F,Preserves U13 High-Z at reset
R48,Resistor,Panasonic,ERJ-2RKF1002X,0402,10 kOhm 1%,FITTED,-55..155,SIM1_DET,1=3V3_DIGITAL;2=SIM1_DET,J6 card-detect pull-up,LOCKED_FITTED,TE_C-2336582_A2,No card reads LOW through grounded switch
R49,Resistor,Panasonic,ERJ-2RKF1002X,0402,10 kOhm 1%,FITTED,-55..155,SIM2_DET,1=3V3_DIGITAL;2=SIM2_DET,J7 card-detect pull-up,LOCKED_FITTED,TE_C-2336582_A2,No card reads LOW through grounded switch
R50,Resistor,Panasonic,ERJ-2GE0R00X,0402,0 Ohm,FITTED,-55..155,SIM1_RST_1V8,1=SIM1_RST_MUX;2=SIM1_RST_CONN,J6 reset series tuning link,LOCKED_FITTED,Quectel_BG95_HW_Design_v1.6,U14 protection is connector-side
R51,Resistor,Panasonic,ERJ-2GE0R00X,0402,0 Ohm,FITTED,-55..155,SIM1_CLK_1V8,1=SIM1_CLK_MUX;2=SIM1_CLK_CONN,J6 clock series tuning link,LOCKED_FITTED,Quectel_BG95_HW_Design_v1.6,U14 protection is connector-side
R52,Resistor,Panasonic,ERJ-2GE0R00X,0402,0 Ohm,FITTED,-55..155,SIM1_DATA_1V8,1=SIM1_DATA_MUX;2=SIM1_DATA_CONN,J6 data series tuning link,LOCKED_FITTED,Quectel_BG95_HW_Design_v1.6,U14 protection is connector-side
R53,Resistor,Panasonic,ERJ-2GE0R00X,0402,0 Ohm,FITTED,-55..155,SIM2_RST_1V8,1=SIM2_RST_MUX;2=SIM2_RST_CONN,J7 reset series tuning link,LOCKED_FITTED,Quectel_BG95_HW_Design_v1.6,U15 protection is connector-side
R54,Resistor,Panasonic,ERJ-2GE0R00X,0402,0 Ohm,FITTED,-55..155,SIM2_CLK_1V8,1=SIM2_CLK_MUX;2=SIM2_CLK_CONN,J7 clock series tuning link,LOCKED_FITTED,Quectel_BG95_HW_Design_v1.6,U15 protection is connector-side
R55,Resistor,Panasonic,ERJ-2GE0R00X,0402,0 Ohm,FITTED,-55..155,SIM2_DATA_1V8,1=SIM2_DATA_MUX;2=SIM2_DATA_CONN,J7 data series tuning link,LOCKED_FITTED,Quectel_BG95_HW_Design_v1.6,U15 protection is connector-side
R56,Resistor,Panasonic,ERJ-2RKF22R0X,0402,22 Ohm 1%,FITTED,-55..155,GNSS_RX,1=GNSS_RX_U9;2=GNSS_RX_U1,U9 TX source-series damping,LOCKED_FITTED,u-blox_UBX-20053088_R05,No pull resistor allowed
R57,Resistor,Panasonic,ERJ-2RKF22R0X,0402,22 Ohm 1%,FITTED,-55..155,GNSS_TX,1=GNSS_TX_U1;2=GNSS_TX_U9,U1 TX source-series damping,LOCKED_FITTED,u-blox_UBX-20053088_R05,No pull resistor allowed
R58,Resistor,Panasonic,ERJ-2RKF22R0X,0402,22 Ohm 1%,FITTED,-55..155,GNSS_PPS,1=GNSS_PPS_U9;2=GNSS_PPS_U1,U9 TIMEPULSE source-series damping,LOCKED_FITTED,u-blox_UBX-20053088_R05,Do not load LOW at startup
R59,Resistor,Panasonic,ERJ-2GEJ561X,0402,560 Ohm 5% 0.1 W,FITTED,-55..155,GNSS_ANT_DIV,1=GNSS_ANT_SWITCHED;2=GNSS_ANT_DIV,Figure 38 voltage-divider upper resistor R5,LOCKED_FITTED,u-blox_UBX-20053088_R05,Feeds U5 non-inverting input
R60,Resistor,Panasonic,ERJ-2GEJ104X,0402,100 kOhm 5% 0.1 W,FITTED,-55..155,GNSS_ANT_DIV,1=GNSS_ANT_DIV;2=GND,Figure 38 voltage-divider lower resistor R6,LOCKED_FITTED,u-blox_UBX-20053088_R05,Sets open-detect threshold with R59
R61,Resistor,Panasonic,ERJ-2GEJ104X,0402,100 kOhm 5% 0.1 W,FITTED,-55..155,GNSS_ANT_GATE,1=GNSS_ANT_BIAS_RAW;2=GNSS_ANT_GATE,Figure 38 P-channel gate pull-up R7,LOCKED_FITTED,u-blox_UBX-20053088_R05,Antenna supply defaults off
R62,Resistor,Panasonic,ERJ-8GEYJ100V,1206,10 Ohm 5% 0.25 W,FITTED,-55..155,GNSS_ANT_SHORT_N,1=GNSS_ANT_SWITCHED;2=GNSS_ANT_SHORT_N,Figure 38 current limiter and shunt R8,LOCKED_FITTED,u-blox_UBX-20053088_R05,PIO3 senses active-LOW short directly
R63,Resistor,Panasonic,ERJ-2RKF1003X,0402,100 kOhm 1%,FITTED,-55..155,LORA_TXEN,1=LORA_TXEN;2=GND,U10 TXEN fail-closed pull-down,LOCKED_FITTED,Ebyte_E22-M_v1.2,TXEN and RXEN HIGH together is forbidden
R64,Resistor,Panasonic,ERJ-2RKF1003X,0402,100 kOhm 1%,FITTED,-55..155,LORA_RXEN,1=LORA_RXEN;2=GND,U10 RXEN fail-closed pull-down,LOCKED_FITTED,Ebyte_E22-M_v1.2,TXEN and RXEN HIGH together is forbidden
R65,Resistor,Panasonic,ERJ-2RKF1003X,0402,100 kOhm 1%,FITTED,-55..155,LORA_DIO1,1=LORA_DIO1;2=GND,U10 DIO1 inactive-state pull-down,LOCKED_FITTED,Ebyte_E22-M_v1.2,MCU input remains deterministic
R66,Resistor,Panasonic,ERJ-2RKF1003X,0402,100 kOhm 1%,FITTED,-55..155,LORA_BUSY,1=LORA_BUSY;2=GND,U10 BUSY inactive-state pull-down,LOCKED_FITTED,Ebyte_E22-M_v1.2,MCU input remains deterministic
R67,Resistor,Panasonic,ERJ-2RKF1002X,0402,10 kOhm 1%,FITTED,-55..155,LORA_RESET_N,1=3V3_DIGITAL;2=LORA_RESET_N,U10 reset pull-up,LOCKED_FITTED,Ebyte_E22-M_v1.2,Works with C68
R68,Resistor,Panasonic,ERJ-2RKF1002X,0402,10 kOhm 1%,FITTED,-55..155,LORA_NSS_U10,1=3V3_DIGITAL;2=LORA_NSS_U10,U10 chip-select safe-state pull-up,LOCKED_FITTED,Ebyte_E22-M_v1.2,Radio remains deselected during MCU reset
R69,Resistor,Panasonic,ERJ-2RKF22R0X,0402,22 Ohm 1%,FITTED,-55..155,LORA_NSS,1=LORA_NSS_U1;2=LORA_NSS_U10,U1 NSS source-series damping,LOCKED_FITTED,Ebyte_E22-M_v1.2,Place adjacent to U1
R70,Resistor,Panasonic,ERJ-2RKF22R0X,0402,22 Ohm 1%,FITTED,-55..155,LORA_SCK,1=LORA_SCK_U1;2=LORA_SCK_U10,U1 SCK source-series damping,LOCKED_FITTED,Ebyte_E22-M_v1.2,Place adjacent to U1
R71,Resistor,Panasonic,ERJ-2RKF22R0X,0402,22 Ohm 1%,FITTED,-55..155,LORA_MOSI,1=LORA_MOSI_U1;2=LORA_MOSI_U10,U1 MOSI source-series damping,LOCKED_FITTED,Ebyte_E22-M_v1.2,Place adjacent to U1
R72,Resistor,Panasonic,ERJ-2RKF22R0X,0402,22 Ohm 1%,FITTED,-55..155,LORA_MISO,1=LORA_MISO_U10;2=LORA_MISO_U1,U10 MISO source-series damping,LOCKED_FITTED,Ebyte_E22-M_v1.2,Place adjacent to U10
R73,Resistor,Panasonic,ERJ-2GE0R00X,0402,0 Ohm,FITTED,-55..155,LORA_RF,1=LORA_RF_MODULE;2=LORA_RF_ANT,LoRa RF pi network series baseline,LOCKED_FITTED,Ebyte_E22-M_v1.2,Change only from signed VNA evidence
R74,Resistor,Panasonic,ERJ-2RKF22R0X,0402,22 Ohm 1%,FITTED,-55..155,BLE_RX,1=BLE_RX_U11;2=BLE_RX_U1,U11 UART TX source-series damping,LOCKED_FITTED,Raytac_MDBT50Q_Spec_Version_L,Place adjacent to U11
R75,Resistor,Panasonic,ERJ-2RKF22R0X,0402,22 Ohm 1%,FITTED,-55..155,BLE_TX,1=BLE_TX_U1;2=BLE_TX_U11,U1 UART TX source-series damping,LOCKED_FITTED,Raytac_MDBT50Q_Spec_Version_L,Place adjacent to U1
R76,Resistor,Panasonic,ERJ-2RKF1002X,0402,10 kOhm 1%,FITTED,-55..155,BLE_DFU_REQ,1=3V3_DIGITAL;2=BLE_DFU_REQ,U11 application DFU request pull-up,LOCKED_FITTED,Raytac_MDBT50Q_Spec_Version_L,U1 drives LOW only through open drain
R77,Resistor,Panasonic,ERJ-2RKF1003X,0402,100 kOhm 1%,FITTED,-55..155,BLE_EN,1=BLE_EN;2=GND,U6 input fail-closed pull-down,LOCKED_FITTED,TI_SN74LVC1G07_datasheet,Holds nRF reset asserted during U1 reset
R78,Resistor,Panasonic,ERJ-2RKF1002X,0402,10 kOhm 1%,FITTED,-55..155,NRF_RESET_N,1=3V3_DIGITAL;2=NRF_RESET_N,U6 open-drain output pull-up,LOCKED_FITTED,TI_SN74LVC1G07_datasheet,U11 runs only when U6 releases output
R79,Resistor,Panasonic,ERJ-2RKF22R0X,0402,22 Ohm 1%,FITTED,-55..155,SD_CK,1=SD_CK_U1;2=SD_CK_CARD,U1 SDMMC clock source damping,LOCKED_FITTED,SD_Association_microSD,Place adjacent to U1
R80,Resistor,Panasonic,ERJ-2RKF22R0X,0402,22 Ohm 1%,FITTED,-55..155,SD_CMD,1=SD_CMD_U1;2=SD_CMD_CARD,SDMMC command series damping,LOCKED_FITTED,SD_Association_microSD,Review A validates timing margin
R81,Resistor,Panasonic,ERJ-2RKF22R0X,0402,22 Ohm 1%,FITTED,-55..155,SD_D0,1=SD_D0_U1;2=SD_D0_CARD,SDMMC data zero series damping,LOCKED_FITTED,SD_Association_microSD,Review A validates timing margin
R82,Resistor,Panasonic,ERJ-2RKF22R0X,0402,22 Ohm 1%,FITTED,-55..155,SD_D1,1=SD_D1_U1;2=SD_D1_CARD,SDMMC data one series damping,LOCKED_FITTED,SD_Association_microSD,Review A validates timing margin
R83,Resistor,Panasonic,ERJ-2RKF22R0X,0402,22 Ohm 1%,FITTED,-55..155,SD_D2,1=SD_D2_U1;2=SD_D2_CARD,SDMMC data two series damping,LOCKED_FITTED,SD_Association_microSD,Review A validates timing margin
R84,Resistor,Panasonic,ERJ-2RKF22R0X,0402,22 Ohm 1%,FITTED,-55..155,SD_D3,1=SD_D3_U1;2=SD_D3_CARD,SDMMC data three series damping,LOCKED_FITTED,SD_Association_microSD,Review A validates timing margin
R85,Resistor,Panasonic,ERJ-2RKF1002X,0402,10 kOhm 1%,FITTED,-55..155,SD_CMD_CARD,1=3V3_DIGITAL;2=SD_CMD_CARD,microSD command pull-up,LOCKED_FITTED,SD_Association_microSD,Connector-side of R80
R86,Resistor,Panasonic,ERJ-2RKF1002X,0402,10 kOhm 1%,FITTED,-55..155,SD_D0_CARD,1=3V3_DIGITAL;2=SD_D0_CARD,microSD data zero pull-up,LOCKED_FITTED,SD_Association_microSD,Connector-side of R81
R87,Resistor,Panasonic,ERJ-2RKF1002X,0402,10 kOhm 1%,FITTED,-55..155,SD_D1_CARD,1=3V3_DIGITAL;2=SD_D1_CARD,microSD data one pull-up,LOCKED_FITTED,SD_Association_microSD,Connector-side of R82
R88,Resistor,Panasonic,ERJ-2RKF1002X,0402,10 kOhm 1%,FITTED,-55..155,SD_D2_CARD,1=3V3_DIGITAL;2=SD_D2_CARD,microSD data two pull-up,LOCKED_FITTED,SD_Association_microSD,Connector-side of R83
R89,Resistor,Panasonic,ERJ-2RKF1002X,0402,10 kOhm 1%,FITTED,-55..155,SD_D3_CARD,1=3V3_DIGITAL;2=SD_D3_CARD,microSD data three pull-up,LOCKED_FITTED,SD_Association_microSD,Connector-side of R84
R90,Resistor,Panasonic,ERJ-2RKF1002X,0402,10 kOhm 1%,FITTED,-55..155,SD_DET,1=3V3_DIGITAL;2=SD_DET,J12 normally-open card-detect pull-up,LOCKED_FITTED,GCT_MEM2052_official_product_data,Card insertion closes detect to GND
R91,Resistor,Panasonic,ERJ-2RKF22R0X,0402,22 Ohm 1%,FITTED,-55..155,USB_DP,1=USB_DP_U1;2=USB_DP_CONN,U1 USB D+ source-series damping,LOCKED_FITTED,ST_STM32U585_DS13086_Rev10,Place adjacent to U1 PA12
R92,Resistor,Panasonic,ERJ-2RKF22R0X,0402,22 Ohm 1%,FITTED,-55..155,USB_DM,1=USB_DM_U1;2=USB_DM_CONN,U1 USB D- source-series damping,LOCKED_FITTED,ST_STM32U585_DS13086_Rev10,Place adjacent to U1 PA11
R93,Resistor,Panasonic,ERJ-2RKF5101X,0402,5.1 kOhm 1%,FITTED,-55..155,USB_CC1,1=USB_CC1;2=GND,USB-C device-mode CC1 Rd,LOCKED_FITTED,USB_Type-C_Release_2.5,CC1 and CC2 remain independent
R94,Resistor,Panasonic,ERJ-2RKF5101X,0402,5.1 kOhm 1%,FITTED,-55..155,USB_CC2,1=USB_CC2;2=GND,USB-C device-mode CC2 Rd,LOCKED_FITTED,USB_Type-C_Release_2.5,CC1 and CC2 remain independent
R95,Resistor,Panasonic,ERJ-2RKF1001X,0402,1 kOhm 1%,FITTED,-55..155,USB_VBUS_SENSE,1=USB_VBUS_CONN;2=USB_VBUS_SENSE,U1 PA9 protected high-impedance VBUS sense series limiter,LOCKED_FITTED,ST_STM32U585_DS13086_Rev10,No station power path through J11
R96,Resistor,Panasonic,ERJ-2RKF1003X,0402,100 kOhm 1%,FITTED,-55..155,USB_VBUS_SENSE,1=USB_VBUS_SENSE;2=GND,U1 PA9 disconnected-state pull-down,LOCKED_FITTED,PROJECT_MAIN_AUTH_010,PA9 remains the dedicated OTG_FS_VBUS endpoint
R97,Resistor,Panasonic,ERJ-2RKF1004X,0402,1 MOhm 1%,FITTED,-55..155,USB_SHIELD,1=USB_SHIELD;2=GND,Controlled USB shield DC bleed,LOCKED_FITTED,PROJECT_EMC_BASELINE,Parallel with C77
R98,Resistor,Panasonic,ERJ-2GE0R00X,0402,0 Ohm,DNP,-55..155,USB_SHIELD,1=USB_SHIELD;2=GND,Optional hard shield bond,LOCKED_DNP,PROJECT_EMC_BASELINE,Populate only from signed EMC evidence
R99,Resistor,Panasonic,ERJ-2RKF1002X,0402,10 kOhm 1%,FITTED,-55..155,TAMPER_IN_CONN,1=3V3_DIGITAL;2=TAMPER_IN_CONN,Normally-closed tamper loop pull-up,LOCKED_FITTED,PROJECT_MAIN_AUTH_010,Open loop is alarm or cable fault
R100,Resistor,Panasonic,ERJ-2RKF1001X,0402,1 kOhm 1%,FITTED,-55..155,TAMPER_IN,1=TAMPER_IN_CONN;2=TAMPER_IN_U1,Tamper input series protection and filter resistor,LOCKED_FITTED,PROJECT_MAIN_AUTH_010,C78 is U1-side filter capacitor
R101,Resistor,Panasonic,ERJ-2RKF22R0X,0402,22 Ohm 1%,FITTED,-55..155,TEST_UART_TX,1=TEST_UART_TX_U1;2=TEST_UART_TX_TP,EOL UART DUT-TX source damping,LOCKED_FITTED,PROJECT_EOL_DFT,Fixture input is protected externally
R102,Resistor,Panasonic,ERJ-2RKF1001X,0402,1 kOhm 1%,FITTED,-55..155,TEST_UART_RX,1=TEST_UART_RX_TP;2=TEST_UART_RX_U1,EOL UART DUT-RX current limiter,LOCKED_FITTED,PROJECT_EOL_DFT,Fixture drives only at valid VTREF
R103,Resistor,Panasonic,ERJ-2GE0R00X,0402,0 Ohm,FITTED,-55..155,PWR_FAULT,1=FAULT;2=PWR_FAULT,Intentional connector-to-MCU fault net bridge,LOCKED_FITTED,PROJECT_MAIN_AUTH_010,Resolves frozen J_PWR FAULT name and U1 PWR_FAULT name
L1,Inductor,Murata,LQH32PN2R2NN0L,1210,2.2 uH 20%,FITTED,-40..125,SMPS_SW,1=SMPS_SW;2=VCORE_1V1,U1 internal SMPS output inductor,LOCKED_FITTED,ST_AN5373_Rev7,Isat above 0.5 A and DCR below 200 mOhm
L2,Inductor,Murata,LQW15AN27NJ00D,0402,27 nH 5%,FITTED,-40..125,GNSS_RF_ANT_BIASED,1=GNSS_ANT_SHORT_N;2=GNSS_RF_ANT_BIASED,Figure 38 RF bias-T injection L3,LOCKED_FITTED,u-blox_UBX-20053088_R05,Verify impedance above 500 Ohm at GNSS L1 and current above 300 mA
FB1,Ferrite_Bead,Murata,BLM31KN601SN1L,1206,600 Ohm at 100 MHz,FITTED,-55..125,3V8_MODEM_BB,1=3V8_MODEM;2=3V8_MODEM_BB,U8 VBAT_BB star branch ferrite,LOCKED_FITTED_PENDING_RF_REVIEW,Quectel_BG95_HW_Design_v1.6,Review A must verify low DCR current margin and at least 800 Ohm from 700 to 960 MHz
FL1,SAW_Filter,Abracon,ABSES5AF-L100KM,1109-5,1582.4 MHz wideband GNSS SAW,FITTED,-40..85,GNSS_RF_FILTERED,C=GNSS_RF_DC_BLOCK;A=GNSS_RF_FILTERED;B=GND;D=GND;E=GND,External cellular-immunity SAW before U9 RF_IN,LOCKED_FITTED,Abracon_ABSES5AF-L100KM_2025-09-16,Passband covers 1559.05 to 1605.66 MHz
U5,Operational_Amplifier,Analog Devices,LT6000IDCB#TRMPBF,DFN-6_DCB_2x3mm,Single rail-to-rail low-power op amp,FITTED,-40..85,GNSS_ANT_DETECT,1=GNSS_ANT_DIV;2=GNSS_ANT_SHORT_N;3=GNSS_ANT_BIAS_RAW;4=GNSS_ANT_BIAS_RAW;5=GND;6=GNSS_ANT_DETECT;EP=GND,Figure 38 active-antenna open-detect comparator,LOCKED_FITTED,ADI_LT6000_datasheet,SHDN pin 3 is held enabled at the local antenna bias supply
U6,Open_Drain_Buffer,Texas Instruments,SN74LVC1G07DBVR,SOT-23-5_DBV,Single non-inverting open-drain buffer,FITTED,-40..125,NRF_RESET_N,1=NC;2=BLE_EN;3=GND;4=NRF_RESET_N;5=3V3_DIGITAL,Fail-closed BLE reset buffer,LOCKED_FITTED,TI_SN74LVC1G07_datasheet,R77 and R78 define deterministic reset behavior
Q4,Dual_MOSFET,Vishay,Si1016X-T1-GE3,SOT-563_SC-89,Complementary N and P channel 20 V,FITTED,-55..150,GNSS_ANT_SWITCHED,1=GND;2=GNSS_ANT_OFF_N;3=GNSS_ANT_SWITCHED;4=GNSS_ANT_BIAS_RAW;5=GNSS_ANT_GATE;6=GNSS_ANT_GATE,Figure 38 T1 P-channel plus T2 N-channel antenna supply switch,LOCKED_FITTED,Vishay_Si1016X_RevE,Channel1 N source-gate-drain pins 1-2-6 and channel2 P drain-source-gate pins 3-4-5
U19,ESD_Array,Texas Instruments,TPD4E05U06DQAR,USON-10_DQA,4 channel 0.5 pF ESD,FITTED,-40..125,MIC1_SIGNALS,1=PDM_CLK_1V8_FANOUT;2=PDM_DATA1_1V8;3=GND;4=MIC_WAKE1;5=AAD_CFG_1V8_FANOUT;6=NC;7=NC;8=GND;9=NC;10=NC,J_MIC1 connector-side four-signal ESD shunt,LOCKED_FITTED,TI_TPDxE05U06_RevO,No series pass-through inside device
U20,ESD_Array,Texas Instruments,TPD4E05U06DQAR,USON-10_DQA,4 channel 0.5 pF ESD,FITTED,-40..125,MIC2_SIGNALS,1=PDM_CLK_1V8_FANOUT;2=PDM_DATA2_1V8;3=GND;4=MIC_WAKE2;5=AAD_CFG_1V8_FANOUT;6=NC;7=NC;8=GND;9=NC;10=NC,J_MIC2 connector-side four-signal ESD shunt,LOCKED_FITTED,TI_TPDxE05U06_RevO,No series pass-through inside device
U21,ESD_Array,Texas Instruments,TPD4E05U06DQAR,USON-10_DQA,4 channel 0.5 pF ESD,FITTED,-40..125,MIC3_SIGNALS,1=PDM_CLK_1V8_FANOUT;2=PDM_DATA3_1V8;3=GND;4=MIC_WAKE3;5=AAD_CFG_1V8_FANOUT;6=NC;7=NC;8=GND;9=NC;10=NC,J_MIC3 connector-side four-signal ESD shunt,LOCKED_FITTED,TI_TPDxE05U06_RevO,No series pass-through inside device
U22,ESD_Array,Texas Instruments,TPD4E05U06DQAR,USON-10_DQA,4 channel 0.5 pF ESD,FITTED,-40..125,MIC4_SIGNALS,1=PDM_CLK_1V8_FANOUT;2=PDM_DATA4_1V8;3=GND;4=MIC_WAKE4;5=AAD_CFG_1V8_FANOUT;6=NC;7=NC;8=GND;9=NC;10=NC,J_MIC4 connector-side four-signal ESD shunt,LOCKED_FITTED,TI_TPDxE05U06_RevO,No series pass-through inside device
U23,ESD_Array,Texas Instruments,TPD4E05U06DQAR,USON-10_DQA,4 channel 0.5 pF ESD,FITTED,-40..125,SD_UPPER_SIGNALS,1=SD_D2_CARD;2=SD_D3_CARD;3=GND;4=SD_CMD_CARD;5=SD_CK_CARD;6=NC;7=NC;8=GND;9=NC;10=NC,J12 DAT2 DAT3 CMD and CLK connector-side ESD shunt,LOCKED_FITTED,TI_TPDxE05U06_RevO,Place adjacent to J12
U24,ESD_Array,Texas Instruments,TPD4E05U06DQAR,USON-10_DQA,4 channel 0.5 pF ESD,FITTED,-40..125,SD_LOWER_SIGNALS,1=SD_D0_CARD;2=SD_D1_CARD;3=GND;4=SD_DET;5=NC;6=NC;7=NC;8=GND;9=NC;10=NC,J12 DAT0 DAT1 and detect connector-side ESD shunt,LOCKED_FITTED,TI_TPDxE05U06_RevO,Fourth channel intentionally NC
U25,USB_ESD_Array,Texas Instruments,TPD2EUSB30DRTR,SOT-9X3_DRT,2 channel 0.7 pF USB ESD,FITTED,-40..85,STM32_USB,1=USB_DP_CONN;2=USB_DM_CONN;3=GND,J11 STM32 USB D+ and D- connector-side ESD shunt,LOCKED_FITTED,TI_TPD2EUSB30_datasheet,Preserve USB2 differential impedance
U26,USB_ESD_Array,Texas Instruments,TPD2EUSB30DRTR,SOT-9X3_DRT,2 channel 0.7 pF USB ESD,FITTED,-40..85,CELL_USB,1=CELL_USB_DP_TP;2=CELL_USB_DM_TP;3=GND_MODEM,BG95 recovery USB D+ and D- fixture-side ESD shunt,LOCKED_FITTED,TI_TPD2EUSB30_datasheet,Never connect to J11 USB nets
U27,ESD_Array,Texas Instruments,TPD4E05U06DQAR,USON-10_DQA,4 channel 0.5 pF ESD,FITTED,-40..125,CELL_DEBUG_SIGNALS,1=CELL_DBG_TXD_TP;2=CELL_DBG_RXD_TP;3=GND_MODEM;4=CELL_DBG_VREF_TP;5=CELL_USB_BOOT_TP;6=NC;7=NC;8=GND_MODEM;9=NC;10=NC,BG95 debug fixture four-signal ESD shunt,LOCKED_FITTED,TI_TPDxE05U06_RevO,All fixture signals remain 1.8 V domain
D1,Supply_TVS,Nexperia,PESD5V0S1UL,SOD882,5 V unidirectional 150 W TVS,FITTED,-55..150,3V8_MODEM_BB,1=3V8_MODEM_BB;2=GND_MODEM,U8 VBAT_BB low-leakage TVS shunt,LOCKED_FITTED,Nexperia_PESD5V0S1UL_v5,Cathode pin 1 is the protected rail
D2,Supply_TVS,Nexperia,PESD5V0S1UL,SOD882,5 V unidirectional 150 W TVS,FITTED,-55..150,3V8_MODEM_RF,1=3V8_MODEM_RF;2=GND_MODEM,U8 VBAT_RF low-leakage TVS shunt,LOCKED_FITTED,Nexperia_PESD5V0S1UL_v5,Cathode pin 1 is the protected rail
D3,RF_ESD,Nexperia,PESD5V0C1BSF,SOD962-2,5 V bidirectional 0.2 pF RF ESD,FITTED,-40..125,CELL_RF_ANT,1=CELL_RF_ANT;2=GND_MODEM,J8 connector-side cellular RF ESD shunt,LOCKED_FITTED,Nexperia_PESD5V0C1BSF_v3,No series element and no RF stub
D4,RF_ESD,Texas Instruments,TPD1E05U06DYAR,SOD-523_DYA,5.5 V unidirectional 0.5 pF RF ESD,FITTED,-40..125,GNSS_RF_ANT_BIASED,1=GNSS_RF_ANT_BIASED;2=GND,J9 connector-side GNSS RF ESD shunt,LOCKED_FITTED,TI_TPDxE05U06_RevO,Unidirectional part is required because the RF node carries DC antenna bias
D5,RF_ESD,Nexperia,PESD5V0C1BSF,SOD962-2,5 V bidirectional 0.2 pF RF ESD,FITTED,-40..125,LORA_RF_ANT,1=LORA_RF_ANT;2=GND,J10 connector-side LoRa RF ESD shunt,LOCKED_FITTED,Nexperia_PESD5V0C1BSF_v3,No series element and no RF stub
D6,ESD_Diode,Texas Instruments,TPD1E05U06DYAR,SOD-523_DYA,5.5 V 0.5 pF ESD,FITTED,-40..125,USB_VBUS_CONN,1=USB_VBUS_CONN;2=GND,J11 VBUS connector-side ESD shunt,LOCKED_FITTED,TI_TPDxE05U06_RevO,VBUS is sense-only on PCB-MAIN
D7,ESD_Diode,Texas Instruments,TPD1E05U06DYAR,SOD-523_DYA,5.5 V 0.5 pF ESD,FITTED,-40..125,USB_CC1,1=USB_CC1;2=GND,J11 CC1 connector-side ESD shunt,LOCKED_FITTED,TI_TPDxE05U06_RevO,Place ahead of R93
D8,ESD_Diode,Texas Instruments,TPD1E05U06DYAR,SOD-523_DYA,5.5 V 0.5 pF ESD,FITTED,-40..125,USB_CC2,1=USB_CC2;2=GND,J11 CC2 connector-side ESD shunt,LOCKED_FITTED,TI_TPDxE05U06_RevO,Place ahead of R94
D9,ESD_Diode,Texas Instruments,TPD1E05U06DYAR,SOD-523_DYA,5.5 V 0.5 pF ESD,FITTED,-40..125,TAMPER_IN_CONN,1=TAMPER_IN_CONN;2=GND,J13 tamper connector-side ESD shunt,LOCKED_FITTED,TI_TPDxE05U06_RevO,Place adjacent to J13
D10,ESD_Diode,Texas Instruments,TPD1E05U06DYAR,SOD-523_DYA,5.5 V 0.5 pF ESD,FITTED,-40..125,CELL_USB_VBUS,1=CELL_USB_VBUS;2=GND_MODEM,BG95 recovery VBUS fixture-side ESD shunt,LOCKED_FITTED,TI_TPDxE05U06_RevO,Fixture-controlled VBUS only
D11,ESD_Diode,Texas Instruments,TPD1E05U06DYAR,SOD-523_DYA,5.5 V 0.5 pF ESD,FITTED,-40..125,3V3_DIGITAL,1=3V3_DIGITAL;2=GND,J12 microSD supply connector-side ESD shunt,LOCKED_FITTED,TI_TPDxE05U06_RevO,Place adjacent to J12 VDD
X1,TCXO,SiTime,SiT1552AI-JE-DCC-32.768D,CSP-4_1.5x0.8mm,32.768 kHz full-swing LVCMOS,FITTED,-40..85,LSE_IN,1=GND;2=LSE_IN;3=3V3_DIGITAL;4=GND,External-clock low-speed reference to U1 PC14,LOCKED_FITTED,SiTime_SiT1552_Rev1.43,No external bypass capacitor or load capacitors
