Net,From,To,Class,Population,Status,Notes
VBAT_RAW,J_PWR_IN.1,F1.1,HIGH_CURRENT,POPULATED,LOCKED,"10.0-14.6 V provisional battery/BMS/MPPT input"
GND_PWR,J_PWR_IN.2,PCB_ground_plane,HIGH_CURRENT,POPULATED,LOCKED,"Internal power ground authority; connector-specific returns tie to this plane at PCB-PWR"
VBAT_FUSED,F1.2,"D1.K_or_clamp;U1.3_EN;U1.6_ANODE;Q1.SOURCE;CIN_REV",HIGH_CURRENT,POPULATED,CANDIDATE_VALUES,"F1=0451005.MRL and D1=SMBJ18A remain candidate values until transient/fault coordination"
REV_GATE,U1.5_GATE,Q1.4_GATE,CONTROL,POPULATED,LOCKED,"Gate network exact damping remains Review-A/transient item"
LM74700_VCAP,U1.1_VCAP,C_VCAP.1,ANALOG,POPULATED,LOCKED,"C_VCAP baseline 0.1 uF; opposite capacitor terminal to VBAT_FUSED/ANODE"
VBAT_PROTECTED,"Q1.DRAIN;U1.4_CATHODE","RSH1.CURRENT_SOURCE;C_PROT_MIN",HIGH_CURRENT,POPULATED,LOCKED,"Reverse-protected battery node before total-current shunt"
SHUNT_SOURCE_SENSE,RSH1.SENSE_SOURCE,U2.10_IN+,KELVIN,POPULATED,LOCKED,"No load current in sense trace"
SHUNT_LOAD_SENSE,RSH1.SENSE_LOAD,U2.9_IN-,KELVIN,POPULATED,LOCKED,"No load current in sense trace"
VBAT_SYS,RSH1.CURRENT_LOAD,"U2.8_VBUS;U3.1_VIN;U4.1_VIN;CIN_3V8;CIN_3V3;VBAT_SYS_BULK",HIGH_CURRENT,POPULATED,LOCKED,"All regulated rail input current passes through RSH1; total station current is therefore measurable"
SW_3V8,U3.3_SW,"L1.1;CBOOT_3V8.2",SWITCH_NODE,POPULATED,LOCKED,"Keep copper compact; no sensitive traces below/adjacent"
BOOT_3V8,U3.4_BOOT,CBOOT_3V8.1,SWITCH_DRIVER,POPULATED,LOCKED,"CBOOT_3V8=100 nF >=10 V to SW_3V8"
3V8_MODEM,L1.2,"J_PWR.1;COUT_3V8_BANK;RFBT_3V8.1;TP_3V8",HIGH_CURRENT,POPULATED,LOCKED,"Dedicated BG95 rail; local modem bulk/star split remains on PCB-MAIN"
FB_3V8,U3.6_FB,"RFBT_3V8.2;RFBB_3V8.1",ANALOG,POPULATED,LOCKED,"RFBT=100 k 0.1%; RFBB=35.7 k 0.1%; RFBB other end GND_PWR"
RT_3V8,U3.8_RT,"RRT_3V8.1;RMODE_3V8_FPWM.2_DNP",ANALOG,POPULATED,LOCKED,"RRT=86.6 k to GND; RMODE FPWM option DNP"
MODE_3V8,U3.7_MODE_SYNC,"RMODE_3V8_PFM.1;RMODE_3V8_FPWM.1_DNP",CONTROL,POPULATED,LOCKED,"Default PFM: 0R to GND populated; optional 0R MODE-to-RT DNP"
PG_3V8,U3.5_PG,"TP_PG_3V8;RPG_3V8_PU_DNP",OPEN_DRAIN,DNP_PULLUP,LOCKED,"Diagnostic only; not combined into overall PWR_GOOD because modem may be intentionally disabled"
EN_MODEM,J_PWR.9,"U3.9_EN;REN_MODEM_PD",CONTROL,POPULATED,LOCKED,"100 k pull-down default OFF"
SW_3V3,U4.3_SW,"L2.1;CBOOT_3V3.2",SWITCH_NODE,POPULATED,LOCKED,"Keep copper compact; no sensitive traces below/adjacent"
BOOT_3V3,U4.4_BOOT,CBOOT_3V3.1,SWITCH_DRIVER,POPULATED,LOCKED,"CBOOT_3V3=100 nF >=10 V to SW_3V3"
3V3_DIGITAL,L2.2,"J_PWR.3;U4.6_FB;U5.1_IN;U5.3_EN;U2.6_VS;COUT_3V3_BANK;RPG_3V3_PU;RFAULT_PU;C_INA226",POWER,POPULATED,LOCKED,"LMR604403 fixed 3.3 V selected by direct VOUT-to-FB connection"
RT_3V3,U4.8_RT,"RRT_3V3.1;RMODE_3V3_FPWM.2_DNP",ANALOG,POPULATED,LOCKED,"RRT=86.6 k to GND; RMODE FPWM option DNP"
MODE_3V3,U4.7_MODE_SYNC,"RMODE_3V3_PFM.1;RMODE_3V3_FPWM.1_DNP",CONTROL,POPULATED,LOCKED,"Default PFM: 0R to GND populated; optional 0R MODE-to-RT DNP"
PWR_GOOD,U4.5_PG,"J_PWR.7;RPG_3V3_PU.2;TP_PWR_GOOD",OPEN_DRAIN_WITH_PULLUP,POPULATED,LOCKED,"Critical 3V3 rail PG only; 10 k pull-up to 3V3_DIGITAL"
EN_AUX,J_PWR.10,"U4.9_EN;REN_AUX_PD",CONTROL,POPULATED,LOCKED,"100 k pull-down default OFF; firmware must keep asserted while T5838 AAD is armed"
1V8_MIC,U5.5_OUT,"J_PWR.5;COUT_1V8;TP_1V8",POWER,POPULATED,LOCKED,"TPS7A2018 follows 3V3 rail; CIN/COUT 2.2 uF nominal, >=1 uF effective"
FAULT,U2.3_ALERT,"J_PWR.8;RFAULT_PU.2;TP_FAULT;FAULT_OR_RESERVE",OPEN_DRAIN_WITH_PULLUP,POPULATED,LOCKED,"INA226 ALERT may assert FAULT; 10 k pull-up to 3V3; reserved wired-OR source pads allowed, but FAULT never replaces I2C"
I2C2_SCL,U2.5_SCL,"J_PWR.11;RPU_SCL_DNP;TP_SCL",I2C_OD,DNP_PULLUP,LOCKED,"100 kHz initial; authoritative pull-up is on PCB-MAIN; local 4.7 k footprint DNP"
I2C2_SDA,U2.4_SDA,"J_PWR.12;RPU_SDA_DNP;TP_SDA",I2C_OD,DNP_PULLUP,LOCKED,"100 kHz initial; authoritative pull-up is on PCB-MAIN; local 4.7 k footprint DNP"
GND_MODEM,J_PWR.2,GND_PWR,HIGH_CURRENT,NET_TIE_OR_PLANE,LOCKED,"Dedicated harness return; join to PCB-PWR common ground at controlled low-impedance source region"
GND_DIGITAL,J_PWR.4,GND_PWR,MEDIUM_CURRENT,NET_TIE_OR_PLANE,LOCKED,"I2C/control return reference"
GND_MIC,J_PWR.6,GND_PWR,LOW_NOISE_RETURN,NET_TIE_OR_PLANE,LOCKED,"Keep 1V8 microphone return away from switch-node current loops before common-ground join"
