vector_id,source,start_s,pcm_file,fundamental_hz,harmonic_count,harmonic_step_hz,harmonic_stability,average_energy,rms,zero_crossing_rate,spectral_centroid_hz,spectral_flatness,spectral_bandwidth_hz,noise_floor,high_band_energy_6_10khz,fundamental_variation,harmonic_variation,frequency_modulation_index,spectral_roughness,doppler_stability,mfcc_mean_0,mfcc_mean_1,mfcc_mean_2,mfcc_mean_3,mfcc_mean_4,mfcc_mean_5,mfcc_mean_6,mfcc_mean_7,mfcc_mean_8,mfcc_mean_9,mfcc_mean_10,mfcc_mean_11,mfcc_mean_12,mfcc_std_0,mfcc_std_1,mfcc_std_2,mfcc_std_3,mfcc_std_4,mfcc_std_5,mfcc_std_6,mfcc_std_7,mfcc_std_8,mfcc_std_9,mfcc_std_10,mfcc_std_11,mfcc_std_12
vec_000,derevenskaya-atmosfera-s-pticami-i-nasekomymi.wav,0.0,vec_000.bin,50.26989947145524,8.0,50.0,0.2944200839245602,0.020102903246879578,0.141784707380167,0.19336712549603174,5889.922896654874,0.1561225801706314,4658.123177338866,0.008905312535187405,0.06993409481340966,1.0,0.34927595069173273,1.0,0.21081201941828395,0.0,-68.26565551757812,38.64883804321289,9.963262557983398,17.054540634155273,9.613075256347656,14.15783977508545,9.758733749389648,10.896413803100586,5.425414562225342,10.735223770141602,6.0850443840026855,7.566950798034668,4.687273025512695,54.19200897216797,20.023284912109375,17.261877059936523,4.130497455596924,12.523245811462402,8.196907997131348,7.013992786407471,4.604304790496826,4.7741827964782715,3.3576760292053223,3.5487899780273438,3.933130979537964,4.036365509033203
vec_001,derevenskaya-atmosfera-s-pticami-i-nasekomymi.wav,11.5,vec_001.bin,454.322134131213,1.0,454.322134131213,0.6716299388261875,0.037512704730033875,0.1936819680043392,0.24065290178571427,3694.296103079274,0.005230995360761881,2718.378174092194,0.0017040022885505134,0.0005287530785026236,0.3519334692751388,0.0,1.0,0.19243189124339863,0.0,-152.2824249267578,101.84618377685547,-49.92425537109375,16.46891975402832,-16.121557235717773,-8.271476745605469,-6.677524089813232,14.660724639892578,-21.26734161376953,22.276277542114258,3.7615597248077393,-1.052742838859558,8.967148780822754,14.912696838378906,14.122440338134766,10.504584312438965,12.023690223693848,17.10234260559082,15.994346618652344,8.247983932495117,13.169511795043945,19.723403930664062,18.59233856201172,11.315851211547852,13.07770824432373,8.609665870666504
vec_002,derevenskaya-atmosfera-s-pticami-i-nasekomymi.wav,23.5,vec_002.bin,166.2252531141164,8.0,336.0,0.1663853253217299,0.03224557638168335,0.17957053316645064,0.1469184027777778,3560.6376164085586,0.021947337314486504,3325.3132841128872,0.020884844445276437,0.021197113636604627,0.7784029807665261,1.0,1.0,1.0,0.0,-12.061830520629883,99.96746063232422,-48.79368209838867,17.13775062561035,-31.304119110107422,8.172091484069824,-24.839902877807617,20.03266143798828,-23.294368743896484,18.639917373657227,-13.442239761352539,17.922712326049805,-7.2362060546875,12.940120697021484,11.791261672973633,13.476571083068848,11.526579856872559,8.33004379272461,9.731438636779785,10.497546195983887,11.02289867401123,8.594989776611328,6.293279647827148,9.288662910461426,7.617924690246582,5.718883514404297
vec_003,derevenskaya-atmosfera-s-pticami-i-nasekomymi.wav,35.5,vec_003.bin,222.45320052939195,5.0,881.5,0.3136993355976004,0.02665945515036583,0.1632772340235032,0.18198939732142858,3732.0872807923342,0.01836133562028408,2898.2720991341334,0.0033681559097400032,0.0016269871408518938,0.39548295793125837,1.0,1.0,0.33849509114842213,0.0,-134.12026977539062,91.24903106689453,-49.082054138183594,7.554786682128906,-7.500861167907715,-17.934425354003906,-13.95433235168457,23.87885284423828,-23.267732620239258,6.899449348449707,4.644598960876465,11.721819877624512,-10.437809944152832,36.37772750854492,21.500587463378906,20.921192169189453,18.87066078186035,19.792675018310547,17.68271255493164,15.05820083618164,28.03302574157715,22.98711395263672,16.093584060668945,14.91897964477539,17.94507598876953,12.470460891723633
vec_004,derevenskaya-atmosfera-s-pticami-i-nasekomymi.wav,47.5,vec_004.bin,207.08307355900064,5.0,527.0,0.16837229063453657,0.025320198386907578,0.15912321762366288,0.16041976686507936,3759.4168038568296,0.022353556007146835,3494.985635568996,0.017425913423692242,0.03834946849734959,0.7184319467380669,1.0,1.0,0.9616397147586323,0.0,-31.42403221130371,95.5659408569336,-36.9254264831543,10.040670394897461,-31.925487518310547,11.193140983581543,-17.725109100341797,7.71589469909668,-5.577236652374268,13.54942798614502,-10.177131652832031,16.93366241455078,-8.601218223571777,13.888239860534668,11.79243278503418,11.236432075500488,13.074440956115723,17.57206153869629,15.77365493774414,8.422723770141602,7.745065689086914,7.885777473449707,7.587096214294434,6.4074225425720215,6.220550537109375,8.640005111694336
vec_005,derevenskaya-atmosfera-s-pticami-i-nasekomymi.wav,59.5,vec_005.bin,64.63106590406589,14.0,195.0,0.11666666666666668,0.04829930141568184,0.21977102041825677,0.12544177827380953,3086.2631214674448,0.011803495697677135,3110.1612190089004,0.00849613653236036,0.014055538028728743,1.0,1.0,1.0,0.643235309400706,0.0,-10.864541053771973,120.47445678710938,-47.211814880371094,19.807653427124023,-34.19979476928711,9.292935371398926,-16.003196716308594,20.106904983520508,-25.701940536499023,29.19637680053711,-11.607621192932129,13.63001537322998,-6.7217020988464355,12.640007972717285,11.98471736907959,8.244558334350586,9.215036392211914,9.842997550964355,12.337506294250488,10.316359519958496,7.8678693771362305,12.002967834472656,7.450372219085693,8.79101276397705,8.543755531311035,6.60628604888916
vec_006,derevenskaya-atmosfera-s-pticami-i-nasekomymi.wav,71.5,vec_006.bin,46.42761781410889,34.0,137.0,0.2,0.06828973442316055,0.26132304610034024,0.10871620783730158,2956.8806165172714,0.01205492950975895,3115.574460073788,0.007193657860791229,0.008458206064687834,1.0,1.0,1.0,0.6033891577703949,0.0,11.846583366394043,122.25579833984375,-46.2850227355957,20.486757278442383,-32.92839431762695,13.997274398803711,-15.797176361083984,18.78319549560547,-17.920696258544922,29.712419509887695,-13.021190643310547,20.195112228393555,-5.894958019256592,5.496407985687256,6.939401626586914,7.5540266036987305,7.6755499839782715,5.583344459533691,5.922353267669678,5.000861644744873,5.577205657958984,6.272149562835693,6.0745697021484375,4.11793851852417,3.82392954826355,4.4598517417907715
vec_007,derevenskaya-atmosfera-s-pticami-i-nasekomymi.wav,83.5,vec_007.bin,486.9666985663423,3.0,477.0,0.7383763318843652,0.016002275049686432,0.12650009901057957,0.2975492931547619,4324.240532922484,0.009148415178060532,2931.762491727082,0.0025443131787655044,0.12984837887747053,0.19721939599677502,0.008214114048817358,0.7888775839871001,0.21960984202527337,0.013903020016124978,-176.06356811523438,95.55464935302734,-44.05840301513672,18.662078857421875,-26.80563735961914,-5.40711784362793,-6.665470600128174,19.329898834228516,-16.17349624633789,6.882352352142334,14.52651309967041,-4.669074535369873,5.951199054718018,17.636127471923828,16.01472282409668,20.193479537963867,18.83737564086914,14.495820999145508,23.63780975341797,15.849214553833008,18.9321231842041,22.940547943115234,19.827117919921875,14.267694473266602,14.82205867767334,17.877052307128906
vec_008,derevenskaya-atmosfera-s-pticami-i-nasekomymi.wav,95.0,vec_008.bin,437.48987734269645,7.0,464.0,0.3642186848937019,0.0318315289914608,0.17841392600203831,0.29148065476190477,4303.806167622389,0.006400059908628464,2710.0641203980554,0.003314242989727426,0.1522702439495175,0.32025477431029215,1.0,1.0,0.36234624880460253,0.0,-127.28816223144531,89.10675048828125,-43.38298416137695,25.404552459716797,-36.852840423583984,-9.560017585754395,10.164029121398926,-1.9464179277420044,-17.54191017150879,29.169967651367188,-9.518425941467285,2.4156603813171387,1.3539868593215942,15.392986297607422,18.840486526489258,9.55664348602295,12.780537605285645,17.055513381958008,17.504384994506836,12.157622337341309,18.12755012512207,26.01876449584961,20.372112274169922,10.282513618469238,12.624076843261719,15.618048667907715
vec_009,derevenskaya-atmosfera-s-pticami-i-nasekomymi.wav,107.0,vec_009.bin,483.7733218368349,1.0,483.7733218368349,0.7643410585866334,0.026917770504951477,0.16406636006491848,0.24703156001984128,3926.6543449213455,0.0016793962568044662,1946.0090246305538,0.0017926353826937054,0.0006965730276883738,0.14590875869637038,0.0,0.5836350347854815,0.4565948243795515,0.27045620651814817,-196.80609130859375,82.51618957519531,-58.72541046142578,43.822757720947266,-34.6718864440918,-27.674232482910156,19.825815200805664,8.975375175476074,-37.782588958740234,36.837703704833984,1.3777875900268555,-6.575819492340088,3.774944305419922,10.524993896484375,15.669910430908203,10.709118843078613,8.546151161193848,16.858142852783203,18.78099250793457,8.199178695678711,13.314347267150879,15.621989250183105,12.645062446594238,13.01425838470459,14.03365707397461,10.266468048095703
vec_010,derevenskaya-atmosfera-s-pticami-i-nasekomymi.wav,119.0,vec_010.bin,443.13976939851875,4.0,2157.0,0.3591186901640509,0.033700454980134964,0.18357683672003655,0.26757037450396826,4067.9637660807057,0.006607808638364077,2677.099626793945,0.006682153513331475,0.21521196573298562,0.2760325403761832,1.0,1.0,0.4984726970094234,0.0,-140.88873291015625,90.8187026977539,-52.66666030883789,19.695222854614258,-19.318241119384766,-17.171367645263672,-1.3915547132492065,22.3330135345459,-34.034912109375,18.738908767700195,11.59933853149414,-5.6923017501831055,1.170434594154358,30.819047927856445,21.624664306640625,13.302122116088867,14.63658332824707,24.016616821289062,17.989612579345703,13.596109390258789,26.137287139892578,23.676231384277344,13.471290588378906,17.9541015625,14.149521827697754,12.024171829223633
vec_011,derevenskaya-atmosfera-s-pticami-i-nasekomymi.wav,131.0,vec_011.bin,124.13833159493564,9.0,501.0,0.16576343097144702,0.020733002573251724,0.1439895918920938,0.17826140873015872,3939.4765671642344,0.026430143043398857,3472.7722150225736,0.012649746852428237,0.012280921815357485,0.7983034867301178,1.0,1.0,0.6460290158394317,0.0,-64.5395736694336,88.16468048095703,-37.487430572509766,8.415343284606934,-28.52324104309082,-3.310692548751831,0.6944391131401062,5.891917705535889,-17.7294921875,27.403976440429688,-9.649911880493164,10.46242904663086,4.2442498207092285,21.415172576904297,21.159807205200195,13.932500839233398,12.509103775024414,9.853167533874512,10.710803031921387,11.839603424072266,10.933646202087402,11.339703559875488,12.050885200500488,14.423624038696289,9.946149826049805,9.93937873840332
vec_012,derevenskaya-atmosfera-s-pticami-i-nasekomymi.wav,143.0,vec_012.bin,83.78032859720246,15.0,339.5,0.18407784648382558,0.03827190026640892,0.19563205326941932,0.1793542286706349,3615.1768524191743,0.018508385866880417,3135.466994426379,0.018421047575403977,0.024049632449026283,0.8687158967026098,1.0,1.0,1.0,0.0,-11.343751907348633,96.7961196899414,-50.63002395629883,28.18921661376953,-34.99138259887695,5.043843746185303,-11.995109558105469,17.019760131835938,-21.30417251586914,25.49789047241211,-10.801167488098145,17.61372947692871,-7.797822952270508,15.694114685058594,11.469596862792969,9.586182594299316,11.195459365844727,11.903613090515137,10.526006698608398,9.779242515563965,9.817545890808105,7.9320969581604,8.278841972351074,7.992834568023682,7.05924654006958,6.34917688369751
vec_013,derevenskaya-atmosfera-s-pticami-i-nasekomymi.wav,155.0,vec_013.bin,202.73767568642228,4.0,613.0,0.25445949540665624,0.01710245944559574,0.13077637189338043,0.2009703621031746,4055.2301529165525,0.027534516528248787,3422.6216291276783,0.008490715629105462,0.034035889911847514,0.5086085287259491,1.0,1.0,0.5318494218951764,0.0,-96.8355941772461,80.14776611328125,-36.26374053955078,11.476874351501465,-31.011720657348633,-4.403695583343506,-14.582831382751465,12.681151390075684,-16.209503173828125,9.387362480163574,-0.0020476749632507563,5.680225372314453,-4.259171009063721,31.6719970703125,10.650195121765137,15.350556373596191,14.166975021362305,11.38784408569336,19.617019653320312,11.057924270629883,12.29312801361084,13.498398780822754,10.822901725769043,5.868146896362305,6.876884460449219,11.113225936889648
vec_014,derevenskaya-atmosfera-s-pticami-i-nasekomymi.wav,167.0,vec_014.bin,64.5768520539885,16.0,195.0,0.3154076693792646,0.03721919283270836,0.19292276390490667,0.15850539434523808,3914.6439546255892,0.037671662867069244,3643.6802534685535,0.027710733390772388,0.026003103724117422,0.5953903643423749,1.0,1.0,1.0,0.0,-0.4298584461212158,90.91326141357422,-33.70153045654297,12.62773323059082,-36.864166259765625,3.7362067699432373,-13.227609634399414,10.252763748168945,-16.52897071838379,19.539003372192383,-9.500356674194336,10.47684097290039,-4.734197616577148,23.553922653198242,17.18996810913086,13.345731735229492,12.24846076965332,9.677828788757324,13.826047897338867,11.52955436706543,9.159805297851562,10.988191604614258,7.386291980743408,8.36001968383789,7.7222065925598145,9.172234535217285
vec_015,derevenskaya-atmosfera-s-pticami-i-nasekomymi.wav,179.0,vec_015.bin,50.24542100159814,9.0,50.0,0.18008593379998422,0.015574284829199314,0.12479697443928404,0.24046688988095238,6431.342031524744,0.17831814289093018,4882.718248222822,0.008261991961395718,0.08530275389664028,1.0,0.699754474857188,1.0,0.16887870791103127,0.0,-71.07966613769531,28.553926467895508,20.18427848815918,19.325223922729492,16.57118797302246,17.19561195373535,11.631192207336426,12.856025695800781,7.8372015953063965,11.41847038269043,7.602986812591553,7.620144367218018,2.2539968490600586,18.488784790039062,6.065539836883545,3.1886143684387207,4.918951034545898,7.332756996154785,4.719170093536377,4.80308723449707,3.1754679679870605,2.9299323558807373,3.2934141159057617,3.384570360183716,3.5095386505126953,3.1279613971710205
vec_016,dji_mini_3pro.wav,0.0,vec_016.bin,110.85935619809317,13.0,383.5,0.15543774553211048,0.043624117970466614,0.2088638742589695,0.2210363963293651,5139.689264393232,0.14732396602630615,3987.1433775903183,0.014961469981360683,0.1146250414076107,0.8953235284471619,1.0,1.0,0.4015176387225944,0.0,-66.67330932617188,33.798973083496094,-3.7750256061553955,-2.468324661254883,-6.418607711791992,3.232921600341797,-8.726412773132324,7.824486255645752,-1.4220303297042847,0.9493768215179443,-2.7927136421203613,2.003326416015625,-4.985035419464111,228.91661071777344,14.95995807647705,3.672900676727295,3.8354439735412598,4.5708441734313965,4.03792667388916,4.7392802238464355,4.715643405914307,3.310457229614258,3.8537790775299072,3.709428310394287,3.5084807872772217,3.923523426055908
vec_017,dji_mini_3pro.wav,5.0,vec_017.bin,224.30536716903566,5.0,336.0,0.3939117419085367,0.048377875238657,0.21994971070373565,0.21113126240079366,5294.390302643171,0.11463730782270432,4406.404335960615,0.016955378602591407,0.08484060140117654,0.34727811227509997,0.832799354955243,1.0,0.5147084457038658,0.0,22.341585159301758,49.7982063293457,-5.722756385803223,-1.0431896448135376,-2.294250011444092,11.096929550170898,-10.26435375213623,3.7520711421966553,-2.6076509952545166,0.4362374544143677,-7.583976745605469,2.6021461486816406,-1.4719195365905762,5.735286235809326,7.571138381958008,7.3702898025512695,6.634826183319092,4.870051860809326,5.487857341766357,5.383480072021484,6.036211013793945,4.452742099761963,3.9707601070404053,3.9169089794158936,4.0910820960998535,4.112013339996338
vec_018,dji_mini_3pro.wav,10.5,vec_018.bin,64.14357734517202,12.0,256.0,0.23764785415652964,0.04542388767004013,0.21312880535028608,0.22278800843253968,5499.855342131329,0.12680748105049133,4481.490170186281,0.01434341939137923,0.08511149190002437,0.6941158796521564,1.0,1.0,0.40724224632099093,0.0,22.24741554260254,47.80406951904297,-5.201236248016357,-6.369394302368164,-6.464376926422119,4.822545528411865,-11.165312767028809,10.99449634552002,4.669929504394531,3.7295138835906982,-6.957226753234863,1.7279917001724243,-1.4846874475479126,6.859972953796387,4.477316379547119,4.228023529052734,4.251159191131592,5.463808059692383,6.080461025238037,4.990639686584473,3.8230490684509277,3.8949317932128906,4.097203731536865,4.332849025726318,4.784966468811035,4.277987480163574
vec_019,dji_mini_3pro.wav,16.0,vec_019.bin,45.51021336102385,12.0,94.0,0.10447642257373016,0.0659693032503128,0.2568449011569294,0.2336852058531746,6736.920384915135,0.09913948178291321,4845.746612041081,0.0052448023014212,0.06243979852829047,0.9900523942805997,1.0,1.0,0.11685268700782292,0.0,0.025104409083724022,26.456830978393555,17.711090087890625,-4.9658732414245605,8.663040161132812,14.178425788879395,-13.097031593322754,-0.7391266822814941,-1.4021402597427368,5.457913875579834,-11.319822311401367,-8.899443626403809,-14.401741027832031,8.600699424743652,5.01140832901001,3.3270716667175293,3.7291946411132812,3.2324979305267334,4.992463111877441,5.913642406463623,3.1293818950653076,3.486992359161377,3.6659295558929443,3.634596824645996,3.2877066135406494,3.310997486114502
vec_020,dji_mini_3pro.wav,21.5,vec_020.bin,267.31353792621223,2.0,2384.0,0.6275222525680881,0.05461365357041359,0.23369564302830634,0.19144500248015872,5706.521244668697,0.10688645392656326,4718.5592705996505,0.018698967498599145,0.08657793718331556,0.4499505498486931,0.0,1.0,0.4442836009640827,0.0,2.946255683898926,46.71708679199219,11.160181999206543,-0.47442734241485596,-3.8465075492858887,-0.11669143289327621,-16.68655776977539,-0.6836655735969543,-5.086155414581299,-5.550668716430664,-7.8258771896362305,-2.8863489627838135,-10.183636665344238,24.804773330688477,5.480656623840332,7.246270656585693,7.310373306274414,6.735086917877197,5.328855991363525,4.696929454803467,4.273015022277832,4.302083492279053,5.744444370269775,3.730573892593384,3.6910781860351562,2.9081242084503174
vec_021,dji_mini_3pro.wav,27.0,vec_021.bin,228.35224955615575,5.0,230.5,0.38577794933927145,0.050607550889253616,0.22496122085651477,0.2581225198412698,5770.394940931382,0.1657857447862625,4434.9756619115215,0.031466554308858447,0.1160263906056119,0.23530826072754493,1.0,0.9412330429101797,0.8619409049377421,0.0,33.74900436401367,40.26578903198242,-2.2611660957336426,3.504831075668335,1.4094935655593872,13.258015632629395,-9.373664855957031,4.54880428314209,0.2499539852142334,2.3353750705718994,-4.778031349182129,2.9567198753356934,-3.778465509414673,4.908340930938721,5.368906497955322,3.905014753341675,4.61358118057251,5.281625747680664,4.570657253265381,3.029407262802124,3.291520595550537,5.54752779006958,4.6362996101379395,4.521799087524414,4.134315013885498,3.6098814010620117
vec_022,dji_mini_3pro.wav,32.0,vec_022.bin,256.17998562137785,3.0,258.5,0.7518651701843555,0.034126896411180496,0.1847346648877262,0.18427579365079366,5109.105428127499,0.1044049859046936,4477.18413067003,0.013134432715426452,0.06835757105174384,0.17211492520319568,0.0019517527834472471,0.6884597008127827,0.4645764402940389,0.13942537398402155,-6.9557623863220215,60.46698760986328,2.3049111366271973,-2.6536433696746826,-3.7826271057128906,12.784051895141602,-8.417141914367676,3.543672800064087,-1.8873167037963867,0.8944685459136963,-9.236598014831543,-2.247645378112793,-7.781630516052246,16.916545867919922,7.6893134117126465,5.720067501068115,6.2076520919799805,6.434272289276123,5.990568161010742,5.956841468811035,6.917805194854736,5.817759990692139,4.075979232788086,4.572433948516846,4.49298620223999,3.690225601196289
vec_023,dji_mini_3pro.wav,37.5,vec_023.bin,248.84248787237578,2.0,5226.0,0.6828005754245996,0.05774644389748573,0.24030489778089362,0.17146422371031747,5015.760196157284,0.09202760457992554,4376.154142095311,0.014248728940919608,0.061100516864150696,0.3271098323897786,0.0,1.0,0.4778314999901119,0.0,21.87297248840332,55.85310363769531,-6.067198276519775,-1.315206527709961,-5.6356024742126465,7.2971320152282715,-11.903133392333984,-1.5965694189071655,-3.7677783966064453,-1.4427390098571777,-7.284344673156738,3.9653334617614746,-2.1671438217163086,8.28981876373291,5.866701602935791,5.590942859649658,3.9308226108551025,3.849412679672241,5.651614189147949,5.11871337890625,4.603271961212158,5.03812313079834,3.9148709774017334,4.097614288330078,5.032647609710693,4.8165998458862305
vec_024,dji_mini_3pro.wav,43.0,vec_024.bin,262.2388283675798,5.0,393.5,0.3604165951925036,0.05113079026341438,0.22612118490626743,0.1908637152777778,5111.7705856386065,0.10322000831365585,4425.46063310131,0.009180812623757173,0.07131387141419405,0.29166682549814027,1.0,1.0,0.2925619446611265,0.0,24.116256713867188,56.94727325439453,-5.117873668670654,-3.5174105167388916,-4.6432929039001465,7.165155410766602,-8.631082534790039,8.803534507751465,0.5449598431587219,2.0535061359405518,-9.017046928405762,-1.505686640739441,-8.390941619873047,6.3104424476623535,5.165891647338867,3.2209420204162598,4.340341567993164,5.583835124969482,5.918130874633789,4.55999231338501,4.141103267669678,4.166928768157959,3.6284701824188232,3.838578701019287,3.658414840698242,4.817261219024658
vec_025,dji_mini_3pro.wav,48.5,vec_025.bin,100.07984192506893,4.0,393.0,0.16470529783237853,0.05743210017681122,0.23964995342543094,0.1941344246031746,5160.42362962296,0.1133391261100769,4381.421889671514,0.020180087529660228,0.0831044884062338,0.7080623011132329,1.0,1.0,0.6297976964352475,0.0,33.041404724121094,53.46009826660156,-6.243390083312988,3.1495625972747803,0.24444419145584106,7.337993144989014,-13.824440956115723,0.5703844428062439,-4.744374752044678,-0.8700687289237976,-4.582528114318848,-0.5865375399589539,-3.707840919494629,5.706878662109375,5.263185501098633,8.679350852966309,3.633046865463257,4.556850433349609,5.328961372375488,4.250588893890381,4.51755952835083,5.623343467712402,6.186522960662842,3.9462690353393555,4.174899101257324,4.544661521911621
vec_026,dji_mini_3pro.wav,54.0,vec_026.bin,226.12128576819836,11.0,227.5,0.2941924752359014,0.05795730650424957,0.24074323771240091,0.2885897197420635,6376.315987777481,0.18357054889202118,4547.683426109892,0.015658264158612746,0.15040937946859773,0.5499426476239228,1.0,1.0,0.35527555902967956,0.0,33.63775634765625,26.267332077026367,-0.2882128059864044,1.9276421070098877,3.012012004852295,9.047313690185547,-13.270203590393066,0.7724503874778748,-1.8333321809768677,-2.5320310592651367,-10.947225570678711,-6.039223670959473,-10.673051834106445,5.370826721191406,5.2688703536987305,4.016777038574219,2.9155848026275635,3.8468198776245117,4.644066333770752,4.876992225646973,4.736211776733398,4.322911739349365,3.9489500522613525,3.685269355773926,3.4575939178466797,2.9854254722595215
vec_027,dji_mini_3pro.wav,59.0,vec_027.bin,176.81456603926318,2.0,346.0,0.6073402053209824,0.04430750384926796,0.21049347697557746,0.2000945560515873,5326.463053213119,0.10491587966680527,4370.068897913076,0.012199980805192315,0.09414561379168998,0.4947995437311502,0.0,1.0,0.35420031624735876,0.0,7.160057544708252,44.89772415161133,-7.245047569274902,2.7113845348358154,-0.27554839849472046,10.758573532104492,-13.586155891418457,3.2247824668884277,-2.711832284927368,-3.522296667098999,-12.8208589553833,-5.539530277252197,-5.751927375793457,7.730285167694092,7.815952301025391,6.1123127937316895,5.486797332763672,5.644129753112793,7.206073760986328,3.6683435440063477,3.619533061981201,4.292498588562012,6.221076488494873,5.433491230010986,4.225850582122803,4.562849044799805
vec_028,dji_mini_3pro.wav,64.5,vec_028.bin,88.15194454713925,6.0,441.0,0.2527706513231917,0.06229996308684349,0.24959960554224336,0.19698660714285715,5513.1963275422,0.11307161301374435,4546.849944080489,0.00925717599847613,0.07324436902939842,0.5493985526151296,1.0,1.0,0.253715718719894,0.0,25.32488441467285,44.18776321411133,-2.375913381576538,4.056797504425049,-1.591352105140686,-2.5926756858825684,-12.840982437133789,4.4571356773376465,-2.7898786067962646,-4.363992214202881,-11.368437767028809,-2.124846935272217,-2.8069674968719482,4.947464942932129,5.332337856292725,3.8291873931884766,4.021883964538574,4.350121974945068,3.9106879234313965,3.882859468460083,3.477276086807251,4.186211109161377,4.057059288024902,4.227745532989502,4.509352207183838,3.4606175422668457
vec_029,dji_mini_3pro.wav,70.0,vec_029.bin,131.07140884423944,16.0,258.0,0.4235862151784887,0.05163002386689186,0.22722241057363127,0.17978050595238096,5500.650414266047,0.09050747752189636,4532.729856534279,0.008034054749614402,0.07505056870644278,0.5121350807363096,0.797960948067158,1.0,0.22142130535666543,0.0,1.1078964471817017,44.778358459472656,5.9630208015441895,4.231428623199463,-6.329712390899658,-2.024338722229004,-22.68210792541504,-0.09866674244403839,-2.5761256217956543,0.48614370822906494,-8.11790657043457,-2.754859685897827,-2.007852554321289,8.76007080078125,6.056578159332275,5.778476238250732,5.73927640914917,5.626160621643066,4.600681304931641,4.763707637786865,3.9829909801483154,3.709151029586792,3.7721023559570312,5.140115737915039,3.8326988220214844,4.664228439331055
vec_030,dji_mini_3pro.wav,75.5,vec_030.bin,248.45359925918746,2.0,1249.0,0.5494409520335228,0.05646682158112526,0.23762748490257868,0.18812003968253968,5337.590342195973,0.10743637382984161,4509.88827800624,0.006570226038976885,0.07259228779794634,0.6234645510366158,0.0,1.0,0.19363729281505498,0.0,23.386064529418945,53.74169921875,11.308530807495117,15.298333168029785,9.529367446899414,16.355920791625977,-13.111026763916016,1.4902019500732422,-0.10465583950281143,5.236674785614014,-8.172717094421387,-1.2537997961044312,-3.195870876312256,9.398780822753906,5.519599437713623,3.0968494415283203,4.295177936553955,3.832688093185425,4.026116371154785,4.1893486976623535,3.4441354274749756,4.49345064163208,3.588280439376831,3.493077039718628,3.9238779544830322,3.977022409439087
vec_031,dji_mini_3pro.wav,81.0,vec_031.bin,262.2414594191521,7.0,270.5,0.2607597571380249,0.05738444998860359,0.23955051656926893,0.23023623511904762,5784.595295979457,0.13454268872737885,4559.719915582308,0.009406291196056982,0.07899047790390941,0.5501635026562409,1.0,1.0,0.2517382489492756,0.0,27.38191795349121,40.56694030761719,-6.725854396820068,-8.188591957092285,-0.3252839148044586,4.6023850440979,-17.03337860107422,0.09826047718524933,-10.918621063232422,-5.00435209274292,-7.3735246658325195,-3.601137399673462,-5.900968074798584,7.253409385681152,6.647819995880127,4.4807515144348145,4.876035690307617,5.27102518081665,4.057775974273682,3.7816553115844727,5.290380954742432,4.4078898429870605,4.987363338470459,4.41557502746582,3.8704912662506104,3.8914122581481934
vec_032,elektronnyy-zvuk---atmosfera-s-cikadami.wav,0.0,vec_032.bin,500.0,1.0,500.0,0.6964570225643203,0.00013569607108365744,0.011648865656520272,0.015772259424603176,785.8866620828773,0.03587266430258751,627.169604078338,0.0008650908079656216,0.07143712397245446,0.29676217207928834,0.0,1.0,0.054609827715789636,0.0,-714.519775390625,8.450952529907227,7.583965301513672,7.089908599853516,6.614725589752197,6.788850784301758,6.039823055267334,6.04156494140625,5.234012603759766,5.6522016525268555,5.290879726409912,5.438821315765381,5.221004009246826,165.0628204345703,11.416304588317871,6.476054668426514,6.651673316955566,3.4669947624206543,4.407275199890137,1.735093355178833,2.2370922565460205,1.9860470294952393,1.4030442237854004,1.1529380083084106,2.233924388885498,1.8364713191986084
vec_033,elektronnyy-zvuk---atmosfera-s-cikadami.wav,3.0,vec_033.bin,390.9885092796501,3.0,571.0,0.6042946611246953,0.026486029848456383,0.1627452913249916,0.13678850446428573,2301.9861976206294,0.0001776749995769933,1064.799887357749,6.47644422483167e-05,3.2646730170309095e-05,0.10172617215948886,0.5140816040100991,0.4069046886379554,0.4740402140128426,0.49136913920255576,-245.6861114501953,147.56761169433594,-164.29229736328125,-24.293655395507812,-0.7140485644340515,-9.205681800842285,-14.134349822998047,-17.78413963317871,25.322467803955078,-6.351328372955322,-13.474982261657715,32.38262176513672,-5.578648090362549,37.239871978759766,7.706418037414551,21.409059524536133,11.947936058044434,5.992930889129639,8.76163101196289,5.4652228355407715,6.096398830413818,7.022432327270508,5.838228225708008,8.268255233764648,11.726749420166016,6.483547687530518
vec_034,elektronnyy-zvuk---atmosfera-s-cikadami.wav,6.0,vec_034.bin,447.1805404971444,4.0,450.0,0.751715658849676,0.04238146170973778,0.20586758295015214,0.13536241319444445,2300.2476950664745,0.0001283737365156412,1007.631771024791,7.921026951701531e-05,4.4251816228925886e-05,0.13291458939174622,0.062303169306775916,0.5316583575669849,0.595475589725717,0.33542705304126885,-211.53700256347656,143.64132690429688,-171.3137969970703,-23.441959381103516,0.2608436048030853,-8.94848918914795,-10.689902305603027,-20.252731323242188,23.17794418334961,-1.4513481855392456,-18.43099594116211,22.739063262939453,5.33648157119751,20.560131072998047,9.753242492675781,19.63149070739746,11.232333183288574,8.164275169372559,9.218742370605469,4.867342948913574,6.566694736480713,5.295608043670654,7.7109694480896,8.35827922821045,13.932687759399414,7.191811561584473
vec_035,elektronnyy-zvuk---atmosfera-s-cikadami.wav,9.0,vec_035.bin,451.31371703323595,2.0,1825.0,0.7775546310198478,0.043920423835515976,0.2095720015543965,0.14155505952380953,2388.511574707203,6.477456190623343e-05,967.8971497122793,7.228659909940015e-05,2.6953776547677376e-05,0.11654526440033837,0.0,0.4661810576013535,0.6159009769671419,0.41727367799830817,-222.2086639404297,142.50540161132812,-173.30899047851562,-19.293554306030273,0.8857543468475342,-10.857416152954102,-12.644123077392578,-20.508167266845703,25.3254337310791,-3.1453158855438232,-24.512605667114258,26.074254989624023,5.999691009521484,15.036423683166504,5.906846523284912,11.474263191223145,10.915249824523926,6.364901065826416,8.570630073547363,4.200472831726074,5.278703212738037,8.027019500732422,7.713940620422363,8.269935607910156,14.80479621887207,8.295754432678223
vec_036,elektronnyy-zvuk---atmosfera-s-cikadami.wav,12.0,vec_036.bin,422.49143108771887,1.0,422.49143108771887,0.7554271679246074,0.039728280156850815,0.1993195428372512,0.1388423859126984,2341.7460701724385,5.144504029885866e-05,988.0179380749507,6.254499088485061e-05,3.5943593007629964e-05,0.1657174046119837,0.0,0.6628696184479348,0.5343750445737552,0.1714129769400815,-221.75961303710938,144.72496032714844,-176.42433166503906,-18.79222297668457,0.5125184059143066,-7.58159065246582,-12.699625968933105,-20.67447853088379,27.098485946655273,-3.6006710529327393,-18.735578536987305,27.366580963134766,-2.944868564605713,24.118276596069336,6.167363166809082,16.213092803955078,12.953500747680664,7.316514492034912,9.895118713378906,4.888145923614502,5.634418964385986,6.01475715637207,8.142437934875488,9.150556564331055,12.094943046569824,7.523055553436279
vec_037,elektronnyy-zvuk---atmosfera-s-cikadami.wav,15.0,vec_037.bin,457.5958956483253,0.0,457.5958956483253,0.7660968992720794,0.051470767706632614,0.22687169877847835,0.1433996775793651,2453.067044412006,6.699081131955609e-05,1042.6265207113381,3.19352370907833e-05,4.5729395066148824e-05,0.14200689050649032,0.0,0.5680275620259613,0.35328184296795473,0.28996554746754843,-218.6832275390625,138.60182189941406,-162.1875,-21.800525665283203,0.26184481382369995,-6.87443208694458,-14.885449409484863,-20.460548400878906,33.91855239868164,-13.91191577911377,-25.295026779174805,42.507015228271484,-7.4250922203063965,16.95090675354004,7.462850093841553,13.94919204711914,13.54943561553955,5.350615501403809,9.696206092834473,4.48347282409668,4.336672782897949,4.883707046508789,4.398900508880615,7.538688659667969,8.521137237548828,5.373137474060059
vec_038,elektronnyy-zvuk---atmosfera-s-cikadami.wav,18.0,vec_038.bin,425.607629760539,5.0,859.0,0.44332964770780237,0.0388132706284523,0.19701083886033352,0.13061135912698413,2316.0370426965956,8.910229371394962e-05,1061.2406800618014,8.027750898752647e-05,4.327356471560917e-05,0.10741559768636522,1.0,0.42966239074546086,0.5169145856781853,0.4629220115681739,-227.24664306640625,151.3482666015625,-156.41868591308594,-28.71287727355957,-3.6914403438568115,-7.64920711517334,-15.708833694458008,-21.420438766479492,27.578475952148438,-17.783451080322266,-22.401105880737305,45.843143463134766,-7.398202896118164,20.283342361450195,14.30639362335205,14.169215202331543,13.464406967163086,6.256642818450928,10.299886703491211,5.642701148986816,6.2047505378723145,6.8933563232421875,5.582095623016357,8.0585355758667,9.378141403198242,6.219334125518799
vec_039,elektronnyy-zvuk---atmosfera-s-cikadami.wav,21.0,vec_039.bin,386.61593965596285,1.0,386.61593965596285,0.7940977762432357,0.03310577571392059,0.1819499263916328,0.12916201636904762,2258.370815264292,0.00010600955283734947,1022.920154245931,8.460923558204015e-05,5.262003141988335e-05,0.07978271945947608,0.0,0.31913087783790434,0.5776369375229004,0.6010864027026196,-229.16793823242188,141.05332946777344,-156.21372985839844,-32.72736740112305,-0.5346966981887817,-8.381682395935059,-14.382159233093262,-22.302560806274414,20.754724502563477,-11.186509132385254,-17.29058265686035,33.221736907958984,1.1647907495498657,27.043399810791016,15.164031028747559,11.768614768981934,10.980613708496094,5.586368083953857,9.02256965637207,5.465193271636963,6.6548237800598145,6.269708633422852,10.035380363464355,6.835189342498779,15.763221740722656,9.08745002746582
vec_040,elektronnyy-zvuk---atmosfera-s-cikadami.wav,24.0,vec_040.bin,448.8606505679522,3.0,1137.0,0.591100443147238,0.0452020987868309,0.21260785212882166,0.13918340773809523,2337.469951708595,5.926556696067564e-05,993.9816877388131,0.00010655501969489007,3.06675505909589e-05,0.1150201589039547,0.5346871009885212,0.4600806356158188,0.6011303268956351,0.4248992054802265,-209.3153839111328,146.7048797607422,-164.19921875,-23.453401565551758,-2.3175201416015625,-17.4907283782959,-16.030174255371094,-20.89395523071289,24.63022232055664,-0.1538260281085968,-20.04755401611328,24.79554557800293,7.609841823577881,16.14692497253418,6.1319403648376465,12.193437576293945,9.196556091308594,5.658683776855469,7.864492893218994,5.226551532745361,6.201708793640137,7.7852582931518555,7.331099510192871,7.370162487030029,13.157376289367676,7.909801483154297
vec_041,elektronnyy-zvuk---atmosfera-s-cikadami.wav,27.0,vec_041.bin,391.91653160016483,6.0,396.0,0.4921423441299175,0.049640532582998276,0.22280155426522114,0.1318514384920635,2241.0861668856996,0.0001665712770773098,993.1732227240201,6.795869054435388e-05,2.1121947485004713e-05,0.14622489754034154,0.834447005648368,0.5848995901613662,0.5374494076403294,0.2688755122982923,-203.3140869140625,144.2032012939453,-167.6571807861328,-27.955400466918945,0.48584556579589844,-12.491117477416992,-14.20080852508545,-21.569520950317383,18.369583129882812,-0.2133718729019165,-13.33431339263916,19.39048957824707,4.5369648933410645,22.387691497802734,12.957534790039062,16.905794143676758,11.267740249633789,8.759380340576172,7.98307991027832,6.07615327835083,6.142149925231934,6.073979377746582,8.420088768005371,8.510427474975586,14.795787811279297,10.404107093811035
vec_042,elektronnyy-zvuk---atmosfera-s-cikadami.wav,30.0,vec_042.bin,391.0952424330209,3.0,966.5,0.41398081722795765,0.038642365485429764,0.19657661479797073,0.13461836557539683,2261.4842088431137,7.347936480073258e-05,1008.1138589395147,8.482590621159279e-05,3.0331849793840837e-05,0.14670929504898286,1.0,0.5868371801959315,0.5932569096075727,0.26645352475508566,-216.0731964111328,155.7284393310547,-172.13856506347656,-24.088607788085938,-7.725947856903076,-12.49453353881836,-12.69577693939209,-20.899120330810547,23.95378875732422,-4.953470706939697,-16.324140548706055,27.006160736083984,-2.678520441055298,21.706140518188477,8.761695861816406,14.39388370513916,8.465242385864258,6.213799953460693,7.682572364807129,6.649496078491211,5.984672546386719,6.530094146728516,8.759148597717285,12.103195190429688,16.042518615722656,6.764113903045654
vec_043,elektronnyy-zvuk---atmosfera-s-cikadami.wav,33.0,vec_043.bin,453.2713034071686,5.0,917.0,0.5300928224120212,0.02946101874113083,0.17164212402883747,0.1368350074404762,2397.415112196663,0.0003603999502956867,1082.4838633050174,8.97719445694328e-05,8.256382532365606e-05,0.12476728982457051,0.7297958966673965,0.49906915929828205,0.4596601698288056,0.3761635508771475,-238.0133514404297,135.7073516845703,-169.09222412109375,-21.82535743713379,-0.09604889899492264,0.1751796156167984,-5.657261848449707,-14.646856307983398,32.04807662963867,-6.406807899475098,-24.79596519470215,27.695537567138672,-3.257143020629883,28.906898498535156,15.713348388671875,18.347362518310547,14.058100700378418,6.678557872772217,10.860520362854004,4.8709492683410645,7.979736804962158,6.807966709136963,5.953930854797363,8.40449047088623,9.814322471618652,6.556220054626465
vec_044,elektronnyy-zvuk---atmosfera-s-cikadami.wav,36.0,vec_044.bin,451.89999057539353,3.0,465.5,0.6938657677668665,0.0561259388923645,0.23690913636321523,0.14104352678571427,2362.2453478280895,0.0004003878857474774,1024.3030138242602,9.498862876295425e-05,2.3723526758651373e-05,0.25002610864508074,0.06749280955099174,1.0,0.5833171403124089,0.0,-199.81178283691406,139.97752380371094,-172.39724731445312,-24.98134994506836,-3.267951250076294,-13.249635696411133,-8.157466888427734,-13.459281921386719,28.749719619750977,4.1237993240356445,-17.260793685913086,16.67251205444336,0.12400918453931808,16.815736770629883,15.704097747802734,14.864609718322754,9.602741241455078,8.389426231384277,8.569924354553223,6.035782337188721,6.134619235992432,8.028098106384277,8.990592002868652,12.659546852111816,18.370119094848633,8.24815559387207
vec_045,elektronnyy-zvuk---atmosfera-s-cikadami.wav,39.0,vec_045.bin,447.97864597759997,3.0,1341.0,0.4066063709863381,0.041635941714048386,0.204048870896284,0.13355654761904762,2289.3262675594774,5.289463297231123e-05,991.095105313256,0.00012016502672413057,0.00013501587667052163,0.16309695336369304,1.0,0.6523878134547721,0.6225240842985159,0.18451523318153484,-225.06446838378906,138.0288543701172,-170.4916534423828,-24.140907287597656,-2.4745631217956543,-3.402799129486084,-8.050851821899414,-16.661945343017578,30.69485092163086,-0.08288565278053284,-23.878664016723633,17.93882179260254,2.775338649749756,23.38675880432129,6.0460333824157715,15.975445747375488,15.745325088500977,9.810722351074219,11.918121337890625,7.0688395500183105,6.029333114624023,5.912936210632324,7.433976650238037,7.589867115020752,9.246771812438965,7.043422222137451
vec_046,elektronnyy-zvuk---atmosfera-s-cikadami.wav,42.0,vec_046.bin,447.756584439653,4.0,913.0,0.6121706757112636,0.03790336474776268,0.19468786492168094,0.1413302951388889,2421.067697678085,0.0002696941955946386,982.9093645547736,6.121984514184758e-05,2.2797574232191374e-05,0.10005962343900356,0.503245220212909,0.4002384937560142,0.4187459970559627,0.4997018828049822,-233.1752166748047,131.54229736328125,-171.1147003173828,-19.088241577148438,4.684833526611328,-8.320411682128906,-8.881258010864258,-13.603742599487305,30.97349739074707,4.739874839782715,-24.45058250427246,16.098644256591797,6.905636310577393,21.139019012451172,13.363449096679688,16.10741424560547,10.410408020019531,7.231679439544678,8.366456985473633,4.563875198364258,6.608290195465088,6.076252460479736,9.332409858703613,7.434233665466309,14.793100357055664,7.127317905426025
vec_047,elektronnyy-zvuk---atmosfera-s-cikadami.wav,45.5,vec_047.bin,146.98255376523804,0.0,146.98255376523804,0.5520133959321326,0.014274556189775467,0.11947617415106439,0.013431609623015874,2692.093723635831,0.0027083863969892263,3800.8558595200398,0.000326978025069573,0.01780796115342814,0.6177480090397054,0.0,1.0,0.23579109768517548,0.0,-331.366943359375,50.58572006225586,-6.057424068450928,14.449162483215332,22.853130340576172,23.51612663269043,7.909902572631836,13.275217056274414,14.659811019897461,11.178519248962402,1.9055968523025513,9.372037887573242,6.01003360748291,82.75518035888672,32.58915710449219,52.392494201660156,28.061220169067383,6.465513706207275,4.891849994659424,7.412310600280762,4.815411567687988,10.18195629119873,6.123140335083008,5.069472312927246,5.491501808166504,4.72480583190918
vec_048,inoplanetnaya-cikada-loop.wav,0.0,vec_048.bin,500.0,1.0,500.0,0.6598176618727882,0.06291618198156357,0.2508309828979737,0.12395368303571429,2135.359653187002,6.082543040974997e-05,652.6907541947157,8.195657170470133e-06,7.015004798920352e-07,0.37818297361602604,0.0,1.0,0.05182178049670141,0.0,-405.37493896484375,46.92509078979492,-138.13926696777344,0.13797703385353088,84.48603057861328,29.780765533447266,-25.36614418029785,-43.93189239501953,-4.536292552947998,34.21015930175781,-7.530228614807129,-59.809715270996094,-18.561145782470703,35.7037467956543,12.96343994140625,16.64940071105957,14.637298583984375,10.235949516296387,8.826287269592285,11.467047691345215,8.100020408630371,9.079819679260254,15.278973579406738,7.993190765380859,8.3463773727417,9.172321319580078
vec_049,inoplanetnaya-cikada-loop.wav,0.5,vec_049.bin,500.0,1.0,500.0,0.6222866115330601,0.07053044438362122,0.26557568485014066,0.12567429315476192,2147.296771384991,4.6525699872290716e-05,676.311819977659,1.027900497063698e-05,8.76359697724272e-07,0.4615853077043111,0.0,1.0,0.058717993787831275,0.0,-397.4643859863281,48.72083282470703,-137.48617553710938,-1.4753713607788086,84.91506958007812,32.215118408203125,-25.147920608520508,-43.39651107788086,-0.7981641292572021,38.64165496826172,-5.001992702484131,-56.31912612915039,-15.225014686584473,35.604820251464844,8.158954620361328,15.30593204498291,17.71006965637207,12.437482833862305,10.78878116607666,14.037663459777832,10.671612739562988,11.313581466674805,17.827341079711914,8.71147632598877,10.783294677734375,9.32618236541748
vec_050,inoplanetnaya-cikada-loop.wav,1.0,vec_050.bin,500.0,2.0,1992.0,0.6732719312263458,0.07114214450120926,0.26672484792611517,0.12608506944444445,2167.515121446745,0.0002760210772976279,695.6842685024824,1.477342000271155e-05,5.66636965763901e-07,0.34828459727478733,0.0,1.0,0.08470096415817162,0.0,-397.298583984375,42.62761306762695,-143.23861694335938,-4.222877025604248,86.05105590820312,36.85563659667969,-18.611726760864258,-39.791351318359375,6.429737567901611,52.52529525756836,1.8034306764602661,-53.71584701538086,-7.827572822570801,52.693260192871094,12.846264839172363,18.772396087646484,18.881986618041992,15.201509475708008,6.901487827301025,11.808754920959473,11.789870262145996,7.329983234405518,11.128824234008789,5.022721290588379,11.321324348449707,8.15415096282959
vec_051,inoplanetnaya-cikada-loop.wav,1.5,vec_051.bin,500.0,1.0,500.0,0.721996093703061,0.059863775968551636,0.24467075012872225,0.1242404513888889,2135.6051290356827,4.038127008243464e-05,675.5114206629981,8.368087557341055e-06,6.05380589162501e-07,0.24000868065986475,0.0,0.960034722639459,0.05100172390319127,0.0,-401.97174072265625,45.518341064453125,-133.69332885742188,-0.8170106410980225,83.6127700805664,27.98447608947754,-25.75739288330078,-42.38374710083008,-4.427173614501953,35.13134765625,-7.27402925491333,-59.909759521484375,-16.8828125,39.38808059692383,12.444482803344727,13.956583976745605,10.93919563293457,10.802833557128906,6.834512233734131,9.252158164978027,7.772577285766602,10.411767959594727,16.005895614624023,8.62462043762207,8.767021179199219,9.76455307006836
vec_052,inoplanetnaya-cikada-loop.wav,2.0,vec_052.bin,500.0,1.0,500.0,0.6475201140307163,0.07977385073900223,0.2824426503540183,0.1243257068452381,2134.80330736248,0.00014228404324967414,677.8163414813325,9.127940998278724e-06,6.311015808671067e-07,0.40551085770951917,0.0,1.0,0.05764916558726785,0.0,-387.6196594238281,47.470367431640625,-134.9219207763672,-2.62298846244812,84.33338165283203,31.60666275024414,-24.774993896484375,-41.7844123840332,-0.9521034955978394,37.45738983154297,-6.361377716064453,-57.17633056640625,-15.31024169921875,51.55419158935547,11.847325325012207,15.607606887817383,11.92529010772705,13.927730560302734,9.580357551574707,9.683189392089844,7.834285259246826,11.444040298461914,16.471105575561523,8.488499641418457,11.620652198791504,9.411198616027832
vec_053,strelba-broneboynym-snaryadom.wav,0.0,vec_053.bin,500.0,1.0,500.0,0.5817296558513743,0.03661751374602318,0.1913570321311009,0.004131014384920635,1429.8447373166828,0.0040467302314937115,2014.1923637767693,0.00024910336751956993,0.027801241943547307,0.551711875885835,0.0,1.0,0.22461942948786323,0.0,-370.82501220703125,44.86064147949219,14.007916450500488,7.966586589813232,10.23777961730957,9.506536483764648,7.570132255554199,5.022301197052002,4.322632789611816,6.680737018585205,6.697480201721191,5.512655735015869,5.486633777618408,162.30917358398438,44.28841018676758,7.90133810043335,3.518629789352417,3.6359729766845703,3.8993635177612305,2.1744425296783447,3.6937315464019775,4.801223278045654,2.7163541316986084,2.6752774715423584,3.875575065612793,3.8892948627471924
vec_054,strelba-broneboynym-snaryadom.wav,0.5,vec_054.bin,131.50768356382667,3.0,528.5,0.15523886789085886,0.08983375877141953,0.29972280322227657,0.006285652281746032,1237.2674810484316,0.000845547067001462,2695.505163804397,0.00016911575643235096,0.0012845404978693617,0.7216914046869803,1.0,1.0,0.13040856208043336,0.0,-229.5758819580078,117.52515411376953,9.304652214050293,9.950096130371094,11.601970672607422,12.975587844848633,7.802522659301758,1.770686388015747,-0.4879128634929657,7.402912616729736,6.511691570281982,1.5635192394256592,1.8656494617462158,109.1801528930664,39.25576400756836,12.262954711914062,5.049128532409668,3.5932223796844482,3.7532167434692383,2.946639060974121,3.8239598274230957,4.326129913330078,2.70269513130188,2.895625114440918,5.10343599319458,4.283886432647705
vec_055,strelba-broneboynym-snaryadom.wav,1.5,vec_055.bin,105.26066962783217,3.0,583.5,0.10953494120524924,0.03928680345416069,0.198208989337418,0.029165116567460316,1889.5421918363552,0.008063578978180885,2759.581538859354,0.00658452152599807,0.017306878821115475,0.8232556862105572,1.0,1.0,0.1031903454945722,0.0,-300.44317626953125,85.22742462158203,19.46363639831543,13.048818588256836,4.466884613037109,16.516721725463867,6.624351501464844,2.5781362056732178,-1.3246142864227295,6.368495941162109,2.4817211627960205,0.5254734754562378,-0.15872091054916382,206.65711975097656,21.28801727294922,18.203580856323242,13.53172492980957,5.801080703735352,6.074006080627441,3.569594383239746,7.909461498260498,2.6058430671691895,3.5052316188812256,5.205410480499268,3.669111967086792,3.683321952819824
vec_056,strelba-broneboynym-snaryadom.wav,2.5,vec_056.bin,46.775116414442834,22.0,93.0,0.30343644282818144,0.04043828696012497,0.20109273224093646,0.061779203869047616,2359.3506891248753,0.014529872685670853,2669.668924979226,0.006094724837298287,0.011418639202401586,0.7331042011225598,1.0,1.0,0.5379973735781388,0.0,-76.50698852539062,137.37850952148438,-32.22024917602539,38.0491828918457,-7.475629806518555,20.65972328186035,1.2873371839523315,11.183242797851562,-1.5471816062927246,6.453609943389893,2.1288514137268066,3.620800733566284,1.0081908702850342,86.41890716552734,30.8088436126709,13.92025089263916,9.877376556396484,7.155749320983887,6.599832057952881,5.6818718910217285,5.359325408935547,5.6705193519592285,4.054135799407959,4.993884086608887,4.176976203918457,5.199275016784668
vec_057,strelba-broneboynym-snaryadom.wav,3.0,vec_057.bin,42.671983398878695,40.0,80.0,0.5531881353202123,0.03549923747777939,0.18841241327943176,0.04614645337301587,1565.7252438151259,0.0015267960261553526,1878.689858673618,0.0006943648252485186,0.000746984672426192,0.21513747706619504,1.0,0.8605499082647802,0.3439744052456112,0.0,-113.38746643066406,181.08172607421875,-51.790985107421875,47.07286071777344,-1.7144979238510132,17.441139221191406,5.365921974182129,7.131623268127441,2.6613638401031494,5.395651340484619,2.4772164821624756,2.2804832458496094,3.0585644245147705,67.23542022705078,19.840749740600586,7.708169937133789,7.294205188751221,14.351428985595703,9.802380561828613,8.79725170135498,7.042257785797119,7.534685134887695,4.953621864318848,3.8627641201019287,4.793510913848877,4.331494331359863
vec_058,strelba-broneboynym-snaryadom.wav,4.0,vec_058.bin,44.857475165892296,37.0,91.0,0.5532545702417735,0.03146637976169586,0.1773876539156428,0.03144376240079365,1224.188731407067,0.0005291603156365454,1684.011439592072,0.00035002529834580613,0.0001225482465459956,0.21498984390717,1.0,0.85995937562868,0.2675793377487677,0.0,-151.38619995117188,195.39015197753906,-46.71383285522461,35.822296142578125,14.982195854187012,13.75475788116455,10.48481273651123,11.275228500366211,1.1478033065795898,6.90662145614624,3.0560386180877686,1.5593304634094238,4.030044078826904,41.135719299316406,9.549067497253418,20.892412185668945,9.75700569152832,8.452853202819824,6.5298752784729,5.849916458129883,5.447102069854736,4.9698920249938965,4.04228401184082,3.719475269317627,5.237888336181641,3.7546863555908203
vec_059,strelba-broneboynym-snaryadom.wav,5.0,vec_059.bin,61.63654409033563,9.0,307.5,0.4409258353479561,0.045677054673433304,0.21372190967103327,0.030970982142857144,1029.0357278151807,0.0004118579381611198,1556.1025012222196,0.0004137413996758746,7.334007737719224e-05,0.18683147700454206,1.0,0.7473259080181682,0.31090098576270864,0.06584261497728972,-127.58373260498047,215.23516845703125,-24.967605590820312,13.80770206451416,6.623281955718994,14.10239315032959,-5.343597888946533,8.77011775970459,-6.784169673919678,-0.0855744406580925,-2.0921761989593506,-0.22709934413433075,2.8536996841430664,10.85909652709961,9.031876564025879,6.403192043304443,5.320720672607422,5.838930606842041,4.8619256019592285,4.640213966369629,4.348060607910156,3.636209487915039,4.188912391662598,4.250836372375488,3.946570873260498,4.059947967529297
vec_060,strelba-broneboynym-snaryadom.wav,5.5,vec_060.bin,55.02684251385159,16.0,165.0,0.4676314011017493,0.04403237998485565,0.2098389381998862,0.03410993303571429,1127.1223381771872,0.0006566861411556602,1705.0014803627546,0.0006635810368730977,0.0001522052495177807,0.2571154049590758,1.0,1.0,0.3720668013573624,0.0,-121.65234375,205.9905548095703,-23.321420669555664,9.02597427368164,1.3102558851242065,16.99419593811035,-5.471180438995361,7.161304473876953,-5.210040092468262,1.7915585041046143,1.1979913711547852,2.512551784515381,2.7203900814056396,21.158815383911133,13.805651664733887,8.17452621459961,6.076153755187988,6.41534948348999,5.6458940505981445,6.579632759094238,4.411294937133789,5.943131923675537,4.9323601722717285,4.909237384796143,4.521976947784424,4.019763946533203
vec_061,strelba-broneboynym-snaryadom.wav,6.5,vec_061.bin,41.709396819879885,24.0,84.0,0.5671598220361718,0.026539577171206474,0.16290972092298997,0.023639012896825396,1117.110325726669,0.0007142642862163484,1936.2831298763565,0.0005187439899781751,0.00018229593226087471,0.18408928436406286,1.0,0.7363571374562514,0.21062921945015897,0.07955357817968567,-158.4983367919922,190.14088439941406,-14.41504192352295,7.297821521759033,2.348160982131958,16.73611068725586,2.6946818828582764,7.547535419464111,1.6187294721603394,8.274457931518555,7.240935325622559,4.722385406494141,3.0983028411865234,21.29666519165039,9.34870719909668,6.086441993713379,6.088301658630371,4.436078071594238,3.7124931812286377,3.911907434463501,4.005767822265625,3.8800063133239746,3.8565499782562256,3.7403128147125244,3.6081345081329346,3.439054489135742
vec_062,strelba-broneboynym-snaryadom.wav,7.5,vec_062.bin,52.25677072634488,16.0,104.0,0.3906157402278376,0.04196463152766228,0.20485270690831078,0.026886470734126984,1487.4616091228734,0.0019008417148143053,2515.1757959888105,0.0005932871460258399,0.0007330538156628671,0.4282613180122127,1.0,1.0,0.2055762736267216,0.0,-115.60216522216797,161.3527374267578,-9.192276954650879,6.014890193939209,5.816054821014404,13.436957359313965,0.6369106769561768,5.286573886871338,0.6831579804420471,8.685444831848145,6.160588264465332,1.254288673400879,0.670041561126709,19.03144645690918,12.98571491241455,6.460474967956543,4.476478576660156,3.540890693664551,4.447844505310059,4.883996963500977,5.207679271697998,2.862187147140503,3.611783266067505,3.850475788116455,3.4611384868621826,3.162827730178833
vec_063,strelba-broneboynym-snaryadom.wav,8.0,vec_063.bin,105.17345363795175,8.0,105.0,0.3528070517973434,0.06830162554979324,0.2613457968856458,0.023685515873015872,1633.7980479872635,0.0024106954224407673,2810.31987534255,0.0006473957216261007,0.0016457613660984635,0.36413247748738503,1.0,1.0,0.17630955345795907,0.0,-92.2720947265625,150.7694854736328,-1.3643704652786255,3.6843903064727783,6.481494903564453,13.973289489746094,0.6037643551826477,4.490048885345459,-1.0597507953643799,8.091325759887695,5.673367500305176,0.797627329826355,1.332734227180481,24.674535751342773,7.777507781982422,7.881169319152832,4.218178749084473,4.157803058624268,4.308333396911621,4.720427989959717,5.108531475067139,2.8210508823394775,3.829195976257324,3.5559022426605225,3.533588171005249,2.86708664894104
vec_064,strelba-broneboynym-snaryadom.wav,9.0,vec_064.bin,129.5711179314419,3.0,841.5,0.11342537514739208,0.06314200907945633,0.2512807375814078,0.014167906746031746,2250.046397731937,0.005273161921650171,3659.5554090890246,0.0006075021607619195,0.006906978013722539,0.8146102774502398,1.0,1.0,0.1898933766306777,0.0,-174.54830932617188,103.41911315917969,15.9086275100708,5.0175676345825195,11.133035659790039,14.113405227661133,6.966899871826172,1.5157537460327148,0.39713814854621887,8.561779975891113,7.915934085845947,1.7092523574829102,0.30239665508270264,100.79705810546875,31.40480613708496,4.409637928009033,5.6599907875061035,3.6201796531677246,2.9566357135772705,4.5981831550598145,5.1057586669921875,4.409779071807861,2.980882406234741,3.3590927124023438,4.486536979675293,4.485284328460693
vec_065,strelba-broneboynym-snaryadom.wav,10.0,vec_065.bin,500.0,1.0,500.0,0.8300000000000001,0.0,0.0,0.0,0.0,1.0000007152557373,0.0,0.0,0.0,0.0,0.0,0.0,0.0,1.0,-1131.37060546875,0.0,0.0,0.0,0.0,0.0,0.0,0.0,0.0,0.0,0.0,0.0,0.0,0.0003662109375,0.0,0.0,0.0,0.0,0.0,0.0,0.0,0.0,0.0,0.0,0.0,0.0
vec_066,strelba-broneboynym-snaryadom.wav,10.5,vec_066.bin,500.0,1.0,500.0,0.8300000000000001,0.0,0.0,0.0,0.0,1.0000007152557373,0.0,0.0,0.0,0.0,0.0,0.0,0.0,1.0,-1131.37060546875,0.0,0.0,0.0,0.0,0.0,0.0,0.0,0.0,0.0,0.0,0.0,0.0,0.0003662109375,0.0,0.0,0.0,0.0,0.0,0.0,0.0,0.0,0.0,0.0,0.0,0.0
vec_067,strelba-broneboynym-snaryadom.wav,11.5,vec_067.bin,500.0,1.0,500.0,0.8300000000000001,0.0,0.0,0.0,0.0,1.0000007152557373,0.0,0.0,0.0,0.0,0.0,0.0,0.0,1.0,-1131.37060546875,0.0,0.0,0.0,0.0,0.0,0.0,0.0,0.0,0.0,0.0,0.0,0.0,0.0003662109375,0.0,0.0,0.0,0.0,0.0,0.0,0.0,0.0,0.0,0.0,0.0,0.0
vec_068,strelba-broneboynym-snaryadom.wav,12.5,vec_068.bin,500.0,1.0,500.0,0.8300000000000001,0.0,0.0,0.0,0.0,1.0000007152557373,0.0,0.0,0.0,0.0,0.0,0.0,0.0,1.0,-1131.37060546875,0.0,0.0,0.0,0.0,0.0,0.0,0.0,0.0,0.0,0.0,0.0,0.0,0.0003662109375,0.0,0.0,0.0,0.0,0.0,0.0,0.0,0.0,0.0,0.0,0.0,0.0
vec_069,strelba-iz-bronetransportera.wav,0.0,vec_069.bin,500.0,1.0,500.0,0.7225287970506442,0.0003120034234598279,0.017663618640013375,0.00679718501984127,874.092016784786,0.04893245920538902,615.1294928568913,0.004084085465703415,0.21202689285637424,0.23882489544301294,0.0,0.9552995817720518,0.16075398293971074,0.0,-669.6175537109375,5.445865631103516,5.074220657348633,5.1507792472839355,5.033628463745117,5.49860954284668,5.04522705078125,4.595678806304932,4.739406585693359,4.878227710723877,4.449793815612793,4.45753812789917,4.892074108123779,175.28353881835938,5.915346145629883,4.190448760986328,5.146017551422119,2.9065210819244385,4.240925312042236,2.213547468185425,2.3118581771850586,1.6654014587402344,1.9815011024475098,1.506118893623352,1.8423503637313843,1.427538514137268
vec_070,strelba-iz-bronetransportera.wav,0.5,vec_070.bin,500.0,1.0,500.0,0.8300000000000001,0.0,0.0,0.0,0.0,1.0000007152557373,0.0,0.0,0.0,0.0,0.0,0.0,0.0,1.0,-1131.37060546875,0.0,0.0,0.0,0.0,0.0,0.0,0.0,0.0,0.0,0.0,0.0,0.0,0.0003662109375,0.0,0.0,0.0,0.0,0.0,0.0,0.0,0.0,0.0,0.0,0.0,0.0
vec_071,strelba-iz-bronetransportera.wav,1.5,vec_071.bin,455.6073417447849,0.0,455.6073417447849,0.5132687297851852,0.030604341998696327,0.17494096718235078,0.17015438988095238,3287.3167827464135,0.15478746592998505,2292.965476246235,0.013005762406166969,0.21912103972380115,0.7038472671440329,0.0,1.0,0.5016899745105784,0.0,-315.27227783203125,13.696928024291992,8.02605152130127,8.923368453979492,7.09661865234375,8.143537521362305,5.736475467681885,7.677212238311768,6.816164016723633,7.195692539215088,5.516725063323975,6.533956050872803,6.323517322540283,326.24102783203125,18.811010360717773,3.469025135040283,3.519761323928833,3.3449087142944336,2.305070161819458,4.287093162536621,2.478353500366211,2.5784385204315186,2.122715473175049,4.058777809143066,2.95054292678833,3.362027168273926
vec_072,strelba-iz-bronetransportera.wav,2.0,vec_072.bin,329.30422120992324,2.0,965.0,0.50275477639255,0.018998121842741966,0.13783367456010873,0.04289899553571429,4690.380529247206,0.04168161377310753,4203.543785215227,0.0020762802097325167,0.003953316186058358,0.7272116080165556,0.0,1.0,0.19654311363049998,0.0,-289.62451171875,47.134639739990234,8.33528995513916,17.73656463623047,-1.5516730546951294,15.739359855651855,10.99000072479248,12.55031967163086,7.988674640655518,11.771029472351074,5.979398727416992,6.024065017700195,6.753467082977295,110.93995666503906,49.20504379272461,7.859457015991211,12.893244743347168,13.075685501098633,10.906476974487305,10.788946151733398,7.845069408416748,5.375629425048828,7.641907691955566,4.637533187866211,3.417227029800415,4.2621750831604
vec_073,strelba-iz-bronetransportera.wav,3.0,vec_073.bin,44.05918217115729,6.0,175.0,0.4820948522938654,0.057159435003995895,0.2390803944366746,0.024910094246031748,1743.3013399489234,0.001334223779849708,2700.906802343371,0.00042193922475865984,0.0012161555934764817,0.039789217124743585,1.0,0.15915686849897434,0.13447699211920447,0.801053914376282,-129.74993896484375,135.16416931152344,-6.854753017425537,38.1523323059082,-20.651525497436523,32.915748596191406,21.499723434448242,26.13213348388672,9.539555549621582,27.118553161621094,6.830995559692383,10.226773262023926,7.3479485511779785,27.879375457763672,11.937209129333496,7.465999126434326,8.48008918762207,6.826017379760742,6.811729907989502,5.644991397857666,4.529285907745361,3.759162664413452,5.433080673217773,5.10669469833374,4.392850399017334,4.904853343963623
vec_074,strelba-iz-bronetransportera.wav,3.5,vec_074.bin,45.36953619469505,12.0,51.0,0.5324563870913853,0.09768569469451904,0.31254710796057456,0.0196320064484127,1822.3522060173393,0.001245521823875606,2757.8921462431863,0.00039670178926959267,0.0012911634288366673,0.03898580646358824,1.0,0.15594322585435297,0.16914981145558516,0.8050709676820588,-101.6695556640625,132.31646728515625,-8.39554214477539,40.61276626586914,-24.03913688659668,37.459259033203125,20.746856689453125,28.407737731933594,8.336986541748047,29.762569427490234,5.526221752166748,10.67604923248291,5.184671401977539,11.627190589904785,9.988730430603027,6.05792236328125,6.744659423828125,6.428401470184326,6.500911235809326,4.778923988342285,4.290437698364258,4.086819171905518,5.33095645904541,5.254223823547363,4.438567638397217,4.256762981414795
vec_075,strelba-iz-bronetransportera.wav,4.5,vec_075.bin,46.3148668945681,22.0,140.0,0.2846832754797912,0.025600658729672432,0.16000205851698418,0.062313988095238096,2498.911668181367,0.014572706073522568,3042.980818551959,0.012031247829600559,0.017973870106232324,0.7747779063412048,1.0,1.0,0.3825557478137601,0.0,-260.645263671875,97.77323150634766,7.168842792510986,18.739469528198242,-5.610511779785156,13.831808090209961,16.046680450439453,13.99060344696045,3.594012975692749,16.817699432373047,0.6049253940582275,5.474231243133545,2.681652069091797,238.39910888671875,8.8174409866333,23.26568603515625,11.810162544250488,11.223427772521973,7.957537651062012,18.348186492919922,8.098962783813477,14.400025367736816,6.794668674468994,11.409038543701172,5.265927791595459,9.045763969421387
vec_076,strelba-iz-bronetransportera.wav,5.0,vec_076.bin,55.88368666419915,18.0,218.0,0.26946895775301527,0.04244624078273773,0.2060248547693645,0.11089409722222222,3433.6049004815377,0.03241896629333496,3457.7231007258056,0.014041302472958633,0.02516732313571292,0.7345134272155217,1.0,1.0,0.895381328745222,0.0,-25.56302833557129,95.9842529296875,-19.627513885498047,27.573280334472656,-11.299165725708008,11.979992866516113,-1.568539023399353,5.571566104888916,-8.692893028259277,10.766925811767578,-8.605453491210938,5.592026233673096,-5.922338962554932,115.28082275390625,11.69845962524414,16.619590759277344,9.256917953491211,9.895918846130371,9.330779075622559,9.041705131530762,7.665534973144531,10.334357261657715,6.728879928588867,8.294163703918457,5.721207141876221,6.358158111572266
vec_077,strelba-iz-bronetransportera.wav,6.0,vec_077.bin,86.6705428469273,11.0,308.5,0.263962150173772,0.025607921183109283,0.16002475178268294,0.1244109623015873,3395.6757076741146,0.03381306678056717,3312.13608649144,0.014671987311967328,0.022721764789748206,0.6171211477619881,1.0,1.0,1.0,0.0,-20.19059944152832,97.61608123779297,-32.973026275634766,25.577856063842773,-10.483155250549316,12.836896896362305,-1.391137719154358,6.2153849601745605,-7.230553150177002,8.787439346313477,-9.831238746643066,2.6040525436401367,-9.040757179260254,32.758033752441406,9.175223350524902,9.44896125793457,7.081545829772949,9.646334648132324,8.41021728515625,6.9560956954956055,6.461819648742676,6.724831581115723,7.481834411621094,5.631526947021484,5.508219242095947,4.743595123291016
vec_078,strelba-iz-bronetransportera.wav,6.5,vec_078.bin,62.51089376886132,19.0,191.0,0.35216559720057516,0.03348397836089134,0.18298627916019097,0.12604631696428573,3492.840060816521,0.03668924421072006,3373.4669751026936,0.010663057181303214,0.0275186277741776,0.5692616358505738,1.0,1.0,0.6924202787114137,0.0,-6.082376956939697,94.52959442138672,-30.645471572875977,26.765701293945312,-9.702974319458008,12.487159729003906,-1.9635401964187622,5.7802324295043945,-6.720767021179199,6.797662734985352,-9.12894058227539,3.0224552154541016,-8.34720230102539,31.818368911743164,9.68961238861084,11.295060157775879,8.760272026062012,9.75480842590332,8.451055526733398,7.366786003112793,7.611978054046631,6.617746829986572,6.532710075378418,6.128778457641602,6.4286956787109375,5.054388523101807
vec_079,strelba-iz-bronetransportera.wav,7.5,vec_079.bin,56.0399585396127,15.0,224.0,0.2965307774246565,0.015216921456158161,0.12335688653722646,0.1185670882936508,3320.529076450895,0.03222288563847542,3349.8039063042834,0.011424265754385224,0.02477788482567135,0.6188204946118744,1.0,1.0,0.7737617196782831,0.0,-53.95663833618164,101.07845306396484,-26.417076110839844,26.286941528320312,-11.536978721618652,12.253398895263672,-0.13998425006866455,5.925027370452881,-4.798000335693359,8.726814270019531,-9.217262268066406,1.791820764541626,-9.143970489501953,43.3890380859375,12.91715145111084,9.63986873626709,9.481099128723145,10.536803245544434,8.876498222351074,7.051283836364746,7.840748310089111,7.260547637939453,6.139624118804932,6.368647575378418,5.317289352416992,4.934989929199219
vec_080,strelba-iz-bronetransportera.wav,8.0,vec_080.bin,81.25637804771057,11.0,288.5,0.26283622453932176,0.014939743094146252,0.12222824180256481,0.11143663194444445,3252.629856070171,0.029266901314258575,3406.716549798866,0.01163930180075687,0.01745925989652882,0.6196232047274332,1.0,1.0,0.7114763009062384,0.0,-65.6791000366211,104.36540985107422,-21.140039443969727,26.10352325439453,-12.911648750305176,10.202482223510742,1.2755376100540161,7.109233856201172,-3.0762739181518555,11.431113243103027,-8.409366607666016,0.5990124344825745,-10.706178665161133,47.16865921020508,11.114042282104492,9.436545372009277,10.459992408752441,12.261017799377441,9.95992374420166,6.5248284339904785,9.593345642089844,6.615777015686035,6.64946985244751,5.620915412902832,5.468681812286377,4.811966419219971
vec_081,strelba-iz-bronetransportera.wav,9.0,vec_081.bin,73.85757927192361,9.0,296.0,0.20857515577116706,0.0060616303235292435,0.0778564725859658,0.12128751240079365,3183.0981562715288,0.02125723287463188,3111.968110331574,0.01472638678325515,0.018194833626117984,0.7031663205085177,1.0,1.0,0.7180454908854205,0.0,-161.34783935546875,107.4034423828125,-33.19349670410156,34.79050827026367,-17.39421272277832,11.055851936340332,0.7594327330589294,9.964189529418945,-2.5137083530426025,15.897124290466309,-5.971162796020508,6.3190789222717285,-8.430307388305664,99.85313415527344,14.322498321533203,25.105751037597656,13.344381332397461,6.325153827667236,9.51723861694336,6.841564178466797,7.0559234619140625,7.5504865646362305,5.880699157714844,7.192889213562012,4.228869915008545,7.237129211425781
vec_082,strelba-iz-bronetransportera.wav,9.5,vec_082.bin,55.024910093899834,17.0,112.0,0.22114179220199137,0.006511012092232704,0.08069084267891062,0.11870659722222222,2933.5646620669986,0.013790693134069443,2867.7754055465666,0.015506272219895785,0.022226102232968552,0.8233886099215008,1.0,1.0,0.573348431777228,0.0,-181.24436950683594,114.3703384399414,-43.54164505004883,36.47191619873047,-16.38231658935547,12.644564628601074,-1.3965593576431274,11.04776382446289,-4.509355545043945,14.580867767333984,-4.964907169342041,4.592199802398682,-7.853272914886475,100.18009185791016,12.422687530517578,22.518962860107422,12.93394947052002,6.104799747467041,9.823236465454102,7.695889472961426,5.797969341278076,7.324412822723389,5.047810077667236,7.322240829467773,4.676570892333984,8.316635131835938
vec_083,strelba-iz-bronetransportera.wav,10.5,vec_083.bin,51.969996315050686,19.0,181.0,0.4766298580687088,0.012868320569396019,0.11343862027279783,0.0685453869047619,1957.4244756849469,0.002132781082764268,1964.5630818175073,0.0002719238748950942,0.0011060452367538899,0.29267438947694346,1.0,1.0,1.0,0.0,-141.2500457763672,162.49671936035156,-83.47982788085938,27.813875198364258,-11.650588989257812,2.336282968521118,-1.9825459718704224,5.263326168060303,-0.7631345391273499,17.470773696899414,7.212082386016846,12.750187873840332,5.778687000274658,52.610721588134766,12.721000671386719,10.419057846069336,8.85125732421875,11.665270805358887,10.403166770935059,7.018699645996094,5.21227502822876,3.973975896835327,5.24092435836792,4.883255481719971,5.218525409698486,4.5363287925720215
vec_084,strelba-iz-bronetransportera.wav,11.5,vec_084.bin,49.66958753009024,25.0,144.5,0.2,0.0018011032370850444,0.04243940665331037,0.049820188492063495,2941.3507774504046,0.008337960578501225,3320.4873730307454,0.0022970616680001174,0.013729405239769121,1.0,1.0,1.0,0.759712219684884,0.0,-279.46856689453125,105.32115173339844,-31.7713623046875,7.005975246429443,3.4577908515930176,7.924238204956055,1.9130587577819824,10.175298690795898,0.5585820078849792,11.829192161560059,9.735095977783203,10.302523612976074,9.925092697143555,103.5124740600586,51.49290084838867,28.83930778503418,10.964508056640625,9.01862621307373,7.5102081298828125,5.5597920417785645,3.7332639694213867,5.344785213470459,4.051183223724365,4.670281887054443,4.772144317626953,5.278548240661621
vec_085,derevenskaya-atmosfera-s-pticami-i-nasekomymi.wav,0.5,vec_085.bin,50.447240264165366,21.0,126.5,0.17500000000000002,0.02312258444726467,0.15206112076156966,0.1505456349206349,4385.218191142936,0.06574492156505585,3995.164448233196,0.01831866498773253,0.02954476055778129,1.0,1.0,1.0,0.9539775731949862,0.0,-81.72538757324219,66.96603393554688,-21.268177032470703,10.509464263916016,-2.83500337600708,3.4185945987701416,-2.523015022277832,5.552760124206543,2.3276736736297607,11.367548942565918,1.3786224126815796,11.68559741973877,6.175180435180664,97.36852264404297,24.20425796508789,28.926416397094727,9.177129745483398,12.811366081237793,9.66836166381836,12.06066608428955,5.577938079833984,4.457706928253174,3.6488664150238037,6.753726482391357,5.454287528991699,4.657888889312744
vec_086,derevenskaya-atmosfera-s-pticami-i-nasekomymi.wav,1.0,vec_086.bin,46.22808205059966,27.0,134.5,0.5006290427252141,0.016194866970181465,0.1272590545705156,0.1427331349206349,3481.2970218406476,0.044567257165908813,3295.138781314538,0.014377098856520566,0.015263408074457016,0.3319354606106352,1.0,1.0,1.0,0.0,-78.29197692871094,92.26325988769531,-48.052364349365234,10.353116035461426,-17.141489028930664,1.2343651056289673,-13.692299842834473,5.935502529144287,-3.090399742126465,15.636798858642578,-5.585671901702881,15.50471305847168,2.265777826309204,66.1082534790039,15.798498153686523,9.896439552307129,9.006335258483887,10.223367691040039,6.281707763671875,7.062103748321533,5.8073272705078125,7.126923561096191,6.5855536460876465,5.07774019241333,4.225428581237793,5.2783355712890625
vec_087,derevenskaya-atmosfera-s-pticami-i-nasekomymi.wav,1.5,vec_087.bin,54.23172452282212,19.0,104.0,0.15833333333333333,0.010534260421991348,0.10263654525553434,0.15745907738095238,3803.7715419319043,0.046253081411123276,3437.9864743643816,0.023498446983007428,0.04232675001613408,1.0,1.0,1.0,1.0,0.0,-115.2149658203125,90.5094985961914,-45.515804290771484,11.094170570373535,-22.983688354492188,3.0525014400482178,-14.577215194702148,9.582167625427246,-12.29540729522705,20.55527114868164,-6.340086460113525,16.051822662353516,-3.9345264434814453,87.330078125,20.981142044067383,13.698451042175293,13.359298706054688,10.392160415649414,9.927400588989258,8.263813972473145,5.646684646606445,8.983689308166504,6.526782512664795,5.408009052276611,5.268649101257324,6.452671051025391
vec_088,derevenskaya-atmosfera-s-pticami-i-nasekomymi.wav,2.0,vec_088.bin,53.29738474392271,14.0,163.0,0.11666666666666668,0.00545954704284668,0.07388874774176836,0.1809508308531746,4368.024638893047,0.0658094510436058,3834.0391025083577,0.04654458320271181,0.038810293781624906,1.0,1.0,1.0,1.0,0.0,-100.53392791748047,77.13495635986328,-38.47407150268555,3.5750834941864014,-21.766197204589844,-0.03159170225262642,-9.974088668823242,6.4416184425354,-14.222737312316895,18.144859313964844,-3.225536584854126,13.065378189086914,-3.2414872646331787,55.05341720581055,20.834457397460938,15.910443305969238,17.040630340576172,11.424134254455566,12.086507797241211,10.281698226928711,8.161261558532715,8.709831237792969,9.367814064025879,8.971099853515625,7.718635082244873,7.769495964050293
vec_089,derevenskaya-atmosfera-s-pticami-i-nasekomymi.wav,2.5,vec_089.bin,50.808481102938046,25.0,154.5,0.2,0.007549440488219261,0.08688751629675727,0.1732855902777778,4006.9225146981,0.04605665057897568,3521.967406067474,0.021205169477638425,0.036086923996127694,1.0,1.0,1.0,1.0,0.0,-71.96923828125,84.84272003173828,-48.714599609375,13.013082504272461,-31.373868942260742,4.9096503257751465,-13.313563346862793,6.26927375793457,-15.609450340270996,20.84964942932129,-9.197810173034668,15.864701271057129,-4.012297630310059,20.758995056152344,19.161169052124023,18.057004928588867,19.650554656982422,12.691844940185547,11.173827171325684,10.604564666748047,8.569024085998535,9.334517478942871,10.48513412475586,12.161580085754395,8.842225074768066,7.623220443725586
vec_090,derevenskaya-atmosfera-s-pticami-i-nasekomymi.wav,3.0,vec_090.bin,51.24772231798261,29.0,160.0,0.2,0.04534534737467766,0.21294447016693732,0.15565321180555555,3516.9216506946996,0.022757695987820625,3118.195469502186,0.014597697314906132,0.018960371140738834,1.0,1.0,1.0,1.0,0.0,9.858525276184082,99.97813415527344,-58.88764953613281,25.83681297302246,-38.66960525512695,11.468084335327148,-19.783872604370117,11.701614379882812,-20.180524826049805,25.307933807373047,-15.730684280395508,20.6740779876709,-8.01719856262207,12.766146659851074,13.512638092041016,11.308205604553223,10.259112358093262,7.900616645812988,6.058093070983887,6.5638041496276855,7.030590534210205,7.213764190673828,6.274770259857178,6.89739990234375,5.957318305969238,4.411453723907471
vec_091,derevenskaya-atmosfera-s-pticami-i-nasekomymi.wav,3.5,vec_091.bin,49.573322192157214,32.0,99.0,0.49154062736992127,0.04229085519909859,0.20564740503857223,0.14211309523809523,3359.147949530431,0.016568699851632118,3094.6164089432677,0.023297971483308255,0.02228110551193475,0.3521319391779528,1.0,1.0,1.0,0.0,3.1171605587005615,107.26812744140625,-60.31547164916992,26.6678524017334,-39.75315856933594,12.832685470581055,-21.075328826904297,16.72706413269043,-21.842809677124023,27.391887664794922,-16.02794647216797,21.90298080444336,-10.02224063873291,9.887627601623535,6.718390464782715,7.634750843048096,5.821719646453857,5.968425750732422,5.006296157836914,4.779686450958252,4.938279628753662,4.902658939361572,4.565245151519775,3.7159829139709473,3.853408098220825,3.6106879711151123
vec_092,derevenskaya-atmosfera-s-pticami-i-nasekomymi.wav,4.0,vec_092.bin,52.31225818136003,22.0,155.0,0.18333333333333335,0.031833529472351074,0.17841953220528037,0.1451202876984127,3448.4405433845054,0.018292292952537537,3157.949051113968,0.015357604149403025,0.017552219014231405,1.0,1.0,1.0,1.0,0.0,-17.528549194335938,102.67697143554688,-57.407108306884766,21.858943939208984,-38.28225326538086,9.142049789428711,-19.949726104736328,16.099706649780273,-20.125652313232422,26.41176414489746,-13.520801544189453,19.14640998840332,-10.17851448059082,10.496573448181152,9.0809907913208,8.17784309387207,7.332221508026123,7.437895774841309,7.664455890655518,6.903139591217041,6.3921685218811035,6.053045749664307,5.896102428436279,6.407018184661865,7.878134727478027,4.677204132080078
vec_093,derevenskaya-atmosfera-s-pticami-i-nasekomymi.wav,4.5,vec_093.bin,136.16089492593113,10.0,266.0,0.1801879933234461,0.021667957305908203,0.14720039845702934,0.16995287698412698,3529.0318687846716,0.014976666308939457,3012.6790022349396,0.010781473092343346,0.011871212005401236,0.7847674222441939,1.0,1.0,0.8307561528108945,0.0,-62.0969123840332,98.58470916748047,-56.520713806152344,21.083721160888672,-33.327911376953125,1.8571393489837646,-16.936237335205078,20.1284122467041,-25.360347747802734,23.91535758972168,-6.829359531402588,11.715509414672852,-10.221960067749023,14.730957984924316,10.78230094909668,8.605722427368164,11.068916320800781,10.601059913635254,9.590487480163574,7.669995307922363,11.82730770111084,14.144086837768555,5.9115495681762695,7.366534233093262,11.724847793579102,7.5482401847839355
vec_094,derevenskaya-atmosfera-s-pticami-i-nasekomymi.wav,5.0,vec_094.bin,288.61947967060297,5.0,563.0,0.2625732541707584,0.027039865031838417,0.16443802793708764,0.27953714037698413,4405.446458186254,0.013836071826517582,3061.1859368951127,0.01466808575412833,0.5572218946839413,0.5090964722131296,1.0,1.0,1.0,0.0,-83.09622955322266,96.10228729248047,-58.89352798461914,26.740135192871094,-41.33591842651367,8.03908634185791,-20.869699478149414,21.59716033935547,-22.011661529541016,13.06812858581543,5.30298376083374,-3.657090187072754,3.006554126739502,24.74521255493164,24.087417602539062,20.037647247314453,18.473268508911133,15.990903854370117,15.116530418395996,11.368674278259277,11.069491386413574,14.828243255615234,14.749186515808105,14.259794235229492,19.583383560180664,21.597612380981445
vec_095,derevenskaya-atmosfera-s-pticami-i-nasekomymi.wav,5.5,vec_095.bin,398.02118942600305,1.0,398.02118942600305,0.5892221939431344,0.03591249883174896,0.18950593350011224,0.29742528521825395,4551.868384283583,0.012078004889190197,2901.9165058256954,0.012476301944692472,0.3104642311832388,0.5350617912374792,0.0,1.0,0.831804375523012,0.0,-88.8103256225586,85.9997787475586,-60.43247985839844,31.1969051361084,-41.126869201660156,1.4324042797088623,-16.33506965637207,22.479236602783203,-23.820615768432617,13.003457069396973,7.182548522949219,-5.073360919952393,5.958490371704102,23.232967376708984,20.669130325317383,21.280895233154297,18.96640396118164,14.729349136352539,20.99397850036621,13.700685501098633,11.582880020141602,16.767362594604492,14.565328598022461,12.133979797363281,16.413972854614258,18.82789421081543
vec_096,derevenskaya-atmosfera-s-pticami-i-nasekomymi.wav,6.0,vec_096.bin,432.2443003100434,2.0,871.0,0.6422016482312849,0.02169308438897133,0.14728572364275952,0.22791883680555555,3808.183727825122,0.005951174534857273,2276.846976909687,0.004809637029648813,0.0020539395130136657,0.41732967059714465,0.0,1.0,0.8065737466337,0.0,-132.9235076904297,89.04759216308594,-78.24773406982422,43.696720123291016,-25.71993064880371,-28.655094146728516,4.079397201538086,23.86998176574707,-38.48479461669922,31.471397399902344,-8.994217872619629,10.978918075561523,-2.4002790451049805,15.826449394226074,15.25028133392334,21.079954147338867,14.104835510253906,17.584224700927734,26.547330856323242,17.900068283081055,12.638413429260254,16.466623306274414,16.034608840942383,13.448493957519531,12.147549629211426,8.854814529418945
vec_097,derevenskaya-atmosfera-s-pticami-i-nasekomymi.wav,6.5,vec_097.bin,389.00421987288536,6.0,429.0,0.4267736039404555,0.0130827147513628,0.11437969553798787,0.2107669890873016,3545.281783387782,0.007025955244898796,2362.066517742343,0.005087006477502919,0.0006294115179184785,0.593113622533949,0.44664361691219284,1.0,1.0,0.0,-153.75265502929688,101.68228149414062,-77.73492431640625,40.8928337097168,-21.880521774291992,-24.980426788330078,2.8284153938293457,19.332704544067383,-35.15668487548828,33.62762451171875,-13.179636001586914,14.008220672607422,0.324140340089798,16.97463607788086,15.792440414428711,21.150142669677734,14.443868637084961,14.098001480102539,27.795751571655273,17.825265884399414,10.687661170959473,17.12729835510254,15.186249732971191,12.780196189880371,12.503342628479004,7.3360595703125
vec_098,derevenskaya-atmosfera-s-pticami-i-nasekomymi.wav,7.0,vec_098.bin,57.62608318837394,18.0,289.0,0.15000000000000002,0.018783077597618103,0.1370513684631354,0.16053602430555555,3314.7272897625485,0.013400557450950146,2898.4615400742105,0.012073432694296473,0.017179572813619325,1.0,1.0,1.0,0.9211768483444245,0.0,-61.709346771240234,106.10388946533203,-59.89712905883789,27.121957778930664,-28.999719619750977,1.804408311843872,-12.174312591552734,16.642581939697266,-24.10538673400879,23.100997924804688,-8.766488075256348,13.417043685913086,-4.98861837387085,13.742993354797363,10.669783592224121,11.81467342376709,12.405232429504395,9.04015827178955,13.76943302154541,5.402245044708252,6.715627193450928,10.1044282913208,6.576321601867676,5.70053768157959,7.343959808349609,6.899491786956787
vec_099,derevenskaya-atmosfera-s-pticami-i-nasekomymi.wav,7.5,vec_099.bin,49.09758242292969,30.0,140.0,0.2,0.06062592938542366,0.24622333233352126,0.13104538690476192,3286.5487924709846,0.018664002418518066,3128.9384272741318,0.017474129785367117,0.014605352305143956,1.0,1.0,1.0,1.0,0.0,20.700597763061523,108.33130645751953,-54.99132537841797,21.87148666381836,-31.314064025878906,13.194601058959961,-15.266520500183105,15.612930297851562,-18.762847900390625,23.562833786010742,-11.541467666625977,18.71198081970215,-9.440194129943848,9.223344802856445,10.425172805786133,9.357536315917969,8.010848999023438,7.3408122062683105,7.135931491851807,6.810249328613281,5.399219512939453,6.9353179931640625,5.26209020614624,5.523287296295166,6.405057907104492,5.253407955169678
